product_id,product_category_name,product_weight_g,product_length_cm,product_height_cm,product_width_cm
559a72fe0601687b515efbbd8c874ec6,jewellery,50,48,13,10
4b6c9aaac04ab8f5a8698824bc50935b,fashion_women,447,37,34,29
1d2d8b180338d39a8fff49061d6ffa4d,beauty_personal_care,262,41,19,30
646d5abd4e86d0e43937e5382aa60741,books,554,17,34,13
3d8ad206e893eb592ea4fcb3756650e3,health_nutrition,703,19,12,12
2a1bb16baf52d119d9502d5241c9777e,musical_instruments,1957,36,4,11
054f189b5d21cf94717be9ccce883a94,beauty_personal_care,235,34,5,39
b9014567c127bd1e02b0aeef2f0f1c0a,fashion_men,132,38,23,37
c5683354a10ca96aa641dce33c1b3074,footwear,828,52,6,35
488ec569787052f1abdc665da32973c1,fashion_women,319,55,25,30
d56d50085c2e40992ae874ba5901ca35,fashion_women,434,54,30,22
56ed62c21558c5e6c305af0d4d0b8b31,jewellery,102,40,36,5
91f2ed24c02e87f291dc9a4a01d328f2,books,237,44,24,24
6be14561f72357fa4214e68f27ea7348,watches,181,16,18,11
c1f62c8289413223d5ab11330994f7a0,electronics,937,46,16,22
64efd0c0cccc3e6c6837d6da27b27463,musical_instruments,3556,43,17,33
c680cb5f4e3a6a8e1de6e46411b980b0,electronics,726,19,9,8
f703e8e6dd1c0655fba9df7c2118ca55,footwear,884,13,14,22
c8453a97458b409cdf0b80732f604112,furniture,11359,55,20,27
57432bedfbb12fb348bfaab833058ccc,mobiles,284,34,7,33
9b1bc306077137e141670916e031fbc0,fashion_women,405,36,20,24
287b57f4c1f1b981480020b7804cb2df,bags_luggage,865,9,5,18
a6bff890f260b17d4476d8cece747ec9,mobiles,237,46,21,8
119236156adb4810af156cb6006983b5,kitchen_appliances,2498,52,29,20
1de804d052a387159504ea27fa8f1707,laptops,946,25,9,18
e1697e48f3f59280e8a9715c9c20941e,furniture,11739,49,35,17
8adea88df5ee3a534a1a85497eb734c6,mobiles,180,11,19,31
344e89519d61df8c00e520112caabebb,mobile_accessories,116,53,20,16
bb95ec8a84e896c898bb394dd1f4f17a,health_nutrition,621,31,6,10
7544ab6d4bfd52fca4b7001a4d89bc33,baby_products,509,27,10,44
cf9c50f8b299bc159d4c4047883d8851,jewellery,86,23,23,25
d2906ec940d833c377b444dec730a318,kitchen_appliances,3962,48,39,24
5b8f21372e567c77633ff9ba41894392,toys_games,432,27,13,13
bcb8a78595afd6ce5205b4329f868cd8,automotive,1820,31,14,29
745ba2a899cf2a3d9309107071142b46,baby_products,851,43,12,27
ae6f164fe14818afca18e24d417a1adc,musical_instruments,1350,11,3,18
d47a0a19098b192b18cfcbe9f3e6feb8,mobile_accessories,136,47,5,10
42cf9470fb06d83c1a9e3e419d2c402e,mobile_accessories,120,52,6,41
978aace584fc69561f4acbefaf936ecb,furniture,9787,22,9,24
35e1c15b08d517be9c951f7a0b1f8c7a,watches,154,50,28,15
0a49f5c483fbd4b65ab00138877ae567,baby_products,493,55,12,43
146f5aefd7f0e33565c688b60dc8cfd7,furniture,10760,22,11,26
5232c8998b33c50d4622e2d99f56a9e6,health_nutrition,595,8,33,14
8eb4bfa475cff3c9a079850bf0943cb9,musical_instruments,2226,47,3,26
28a5f1cda917b291ce032986f10a5dcf,jewellery,50,46,27,13
985a6ea92f6a39076ddd2a2f34a34c97,watches,113,29,17,11
2b00019bcc88d34272259523b61ba7a3,mobiles,138,10,6,16
7cf6564fbab8baac93b918a91b4cf936,musical_instruments,2291,56,17,29
b11468c40666a1277f0d58662f9c6396,musical_instruments,2198,49,3,20
aa13eee2c0a3c9f007ad96b18e8bd7a9,jewellery,81,11,35,31
6740168035d9f17b9da1928ed5397cef,mobile_accessories,128,51,9,27
fc939ea6ea7fa4d14039628dbeb898bb,furniture,7231,33,28,27
1b25a8d9efeff86fbe4622a5cefecb7d,musical_instruments,3249,52,36,15
fd38cd82c51fbe436d0732d6173e1fd1,watches,117,32,35,33
095fd7eb6fc2df48e690a5ff2aff28b4,baby_products,634,36,19,5
37c04d577062fddf2f7a048f50b25a8d,sports_fitness,1920,13,3,18
2e95cdc147f81028478f17776f875e06,health_nutrition,368,58,27,44
3ad7226dca6459ac2566dbfca4ab8139,baby_products,708,22,8,30
95332ee0a34b000a4a0c6d039c59e157,toys_games,494,57,31,19
8c14074a34fe0595792a8c31e83d318d,furniture,21166,43,23,34
12dbcdfc3b6bdb2a959b756ee6d09e9a,kitchen_appliances,6332,30,24,24
1cc3f56d397128691f87ac09fce6457a,fashion_women,483,26,26,12
1c8f52ede85cdadf3a0161cc46851a14,grocery_gourmet,1123,16,11,11
3dd11420768d22875392234c1ea1722c,sports_fitness,1276,49,39,15
64a5582f2e37ca2e83e37f17f852479c,watches,156,8,4,28
ef19e169ba0d72abbcbcf9365f93319b,automotive,1653,43,10,33
6ed02f2f1d166aecef71032ca1f56ecb,footwear,518,34,34,8
d00284aff31dd832f2272517d8fbc7a2,health_nutrition,364,29,5,22
de3a040b099cce9e7ea2b0ad71a682a5,fashion_women,143,28,23,43
5eb0dbf91d34d86d720c66802b4697f2,toys_games,404,55,14,32
c79845dc560fb7766b392d6c301c13ca,toys_games,957,37,39,12
908eb0906805377bc6c3d2d025c694c9,footwear,372,12,36,14
d00f136a63b7486567602cab4f6f3500,pet_supplies,971,55,32,19
cd763bc89fc6f67fb60bcadf6695498c,home_kitchen,999,42,29,32
332435636bdc981d37ab57009c8349aa,pet_supplies,1082,42,13,23
bc66e532ac628eda6ca69a7ebf904bde,mobile_accessories,114,50,23,15
ec6c3a77243d7c60feab0a247f5df668,fashion_men,472,14,3,28
486e20d20626bfdbcac55c7a3a7d92ff,beauty_personal_care,355,45,7,30
a0023809ef92770d93379e0f56d7d00f,beauty_personal_care,225,40,29,7
f6943701ebefe30dbb6510cc6f2b6576,grocery_gourmet,1537,45,26,23
e0b7e7c7804ed8c80d1a00b1a989fb17,bags_luggage,932,18,23,35
4bca251fb1dd5eb097e757f4b630d12b,pet_supplies,927,20,23,21
574976a2e92a7008550ce932c84e7898,sports_fitness,1602,58,14,9
632a69a72936079860a9c87341028648,laptops,1725,46,13,19
3a15a3cc6a197e5290a73bb6a7069f5a,musical_instruments,2497,18,18,16
0df04d84ab1be2ed25e2ad65bf20c7dd,fashion_women,417,28,30,37
146a770f78cd0a875ef91883ec1ba5f6,grocery_gourmet,760,46,7,34
f104b043b499eb94eb013f967304fe19,automotive,1605,20,34,43
315eb4fede97b67c6ab2b56fab4affe4,furniture,15290,36,37,8
83845911d3e9a3a958770105b2f4e1f3,laptops,1335,30,35,19
0f7974cfc7fde7873338736496d26ee9,fashion_men,533,14,29,17
1163b83e3f1e3fc4fa29e469bb7c9dd2,musical_instruments,1585,36,6,29
aa4288bf2b06d0fd8302b29ab9bb5f4d,pet_supplies,779,21,15,27
6e3423e33859c8a0b4cc21b458e2a641,grocery_gourmet,886,22,30,24
c040dd87160c99da3e63f95d8fedfb95,health_nutrition,726,18,16,13
df89e0347d85032dd9ac61c5a9c0d66b,bags_luggage,761,49,18,35
365a9c34fcb5862e7e0bf61ffa4c3c75,baby_products,272,31,33,12
9f1a894f9bbadc13057a3e7b3ba61cf7,baby_products,502,18,23,28
498996faa2eabb980a90f69376089cfd,jewellery,93,36,3,16
2592dfc193fb7b2c4a819f86e10d6962,musical_instruments,2045,58,3,5
23c82925efaf65ee4a0ac7963b9b24b1,stationery_office,382,39,5,41
8eb2b5cad8ffed118f5ee650ca6818e2,home_furnishing,1302,39,21,35
0aaf0834a3815730e81ec29d110b0643,kitchen_appliances,4775,35,32,19
6b34c0d49a4754bb2a38f9c4bfdcefb5,fashion_men,250,27,33,39
47952f26e7bb1ca95b86ef2bb04b6201,electronics,707,43,12,23
94d8f7f92776d73f321472b2a81b4b58,automotive,1115,59,14,39
19a462b36d477c66b51aac70e664ed12,footwear,673,13,33,36
64f3d4760f94e5ace8e4b4b672f228e4,kitchen_appliances,3678,19,4,33
c2f4ef966d275bfd98aa9aa0747148cc,baby_products,604,8,12,42
ec000426a495dd332b317a9614a0e382,toys_games,504,34,4,29
7521607e989e6deacf58017afa6c0c11,fashion_men,180,33,18,9
d2bb078687cc733a7fd4be08e7afc543,watches,67,38,6,24
4b0a290073250d9c2a78f476ccce96f3,books,414,18,39,18
e34f0810b5028b7bedd342ea0f955b90,pet_supplies,1267,56,31,26
2f97415c76fdcda30daa8645411afed9,mobiles,224,10,26,37
a17837aa3bf54c490f4d6c1338da51a0,baby_products,437,51,24,11
a77ec6e5ed79e0ec233c02aa9efd5df0,mobile_accessories,110,58,35,34
c8abcdd00de0f4610e60c2d8058c9e1c,stationery_office,336,52,9,9
8f55b3e3cfeda4ec9ca84a905d64c4eb,laptops,2572,38,20,29
3f91192207fbe418198ace5779ebd214,fashion_men,399,27,16,17
2f6c183db339652f99bde974f0e397a5,watches,143,29,8,41
7ca81233be96784d9484dabc63b57d3d,musical_instruments,2176,34,6,21
ea0d65550791b4cc34923c652d6a6f3e,watches,188,32,30,14
88985dcd5ae7ddf50515f2e6007c3d70,automotive,1048,11,31,12
c8cecc057c1e2f6c077104c4751192f1,fashion_men,214,26,13,44
5e2aa01183d6c01ef80d9049a0e36c1d,watches,193,56,16,40
fa464d2d9ea2fe6e89a1924057034a96,books,450,43,16,22
6b7099f22a90108259a3dd81432a75f4,electronics,872,53,35,32
87be229b46eb3ffe150b90ec7d1b760a,mobiles,243,11,13,41
94bd30f0edf75c2aecdeb944f2acba8d,footwear,964,11,27,14
5104a2c5fab53bf36be3fa75e110a847,pet_supplies,747,39,14,10
3bd9a2623a8af85d61dffe4accbd263b,laptops,2041,29,4,23
9be269b50b2da9f7a7fe9c98df256327,automotive,1139,22,12,17
033615ab53398790ef00a4668451e005,grocery_gourmet,624,39,28,10
e053a2c6c039079adbcd113cd0c97764,fashion_men,341,44,23,23
0c390f87fd79ce907f961ca864828b14,laptops,1684,39,29,44
bf4df088b25a501770aa382ac4309d17,sports_fitness,2156,53,33,15
ed16fb9e77b4ced5ce2da4f729aa63b9,beauty_personal_care,165,9,12,17
0f3446c83a25dd202d628b015e6ae850,laptops,2119,22,33,41
a206b25c1c07ba6f01bb3eaadc2f4019,home_furnishing,431,45,7,34
d8bb9f1a858608d7e05f3d944265e95c,automotive,1399,21,5,11
2be04fd51e46a5ab8b0376d6768358a4,health_nutrition,732,42,20,8
28413b81d5a60fead2a890fd7c73efbd,health_nutrition,499,17,34,34
1c931ca1c65dd008ae26a4deb5a0b227,jewellery,59,39,38,14
016349088bc2e3712d35c2137c26d017,watches,115,39,17,7
a46c9d76b0f94e6413cea7206ef137fa,fashion_men,215,41,11,24
6aa0f034088e993451a58ece983969b4,stationery_office,509,12,10,25
b43a0d5b245b8b421402cee9a7d1be08,sports_fitness,1457,46,37,28
c7d1e8a38542311947cbf9005ddb981a,bags_luggage,1013,21,16,19
d79af48f9e308c4c1329f1b04fa2e6f5,jewellery,75,36,8,33
f0fe140a9aa1e39e313019e97db87c1f,automotive,1215,17,10,15
1e78276ba94ffc11ba12941b23b184f8,footwear,783,48,8,14
c6880e40ef5fde2b44301ae58cc83c45,furniture,7235,55,33,42
b5e73c47d0b278d77d781ec2188a0d8e,health_nutrition,402,40,29,27
9a121bd9e140073aaf9bfacb32e819aa,pet_supplies,388,24,23,7
af3d2e9214841c5f8fd7c11e78c3e194,bags_luggage,732,41,13,31
d7768fcd1520c618b528142905c354e1,baby_products,354,42,11,9
b38a28dd3e2371980b045675ad191c01,books,589,13,30,7
3a196ae937a01f8fdf22741469c5b05c,musical_instruments,2853,11,23,20
7e29bcd5cc73d0e7d9f307a392ff7723,stationery_office,427,55,34,34
14d60d299d446e55e66736c3b90bb9c3,fashion_men,451,28,28,17
3090bcbf2ae8a83926b8ea4fd5ea2a50,bags_luggage,1066,24,22,9
f52090ba9f1a70c5260b9d0775565bb6,health_nutrition,625,35,14,6
b1756a634e27145c44f514826577a877,fashion_men,277,36,4,32
a275c3faa2e6668df4764dd3db3751e3,fashion_women,383,45,22,7
f3cb77fb267558a9bbb37bf20901ae97,pet_supplies,1392,39,11,36
dd7b8a5e22a399cf2732cbe12864e84d,watches,173,8,37,27
55c672f62e4ca871375df03a338fc8af,home_furnishing,1249,15,21,6
9c15453e867b64671814978813f8a47a,health_nutrition,681,53,18,9
0dd8ca1d9ae90e2964667a14136c2a9c,musical_instruments,2645,20,7,5
5c37f9fdf06ce6a33167038fd0fb2edb,electronics,684,59,30,8
88645b06b87add15871183fd80d74ae6,toys_games,473,44,30,32
476b178e2c71ff152b949830d3dccbbe,footwear,750,50,37,25
c1460d3be5c7c996184cecc138c5f367,pet_supplies,912,30,16,40
ebff8d78640169ecdd4efbfa0db6e174,bags_luggage,1319,22,14,11
b2503d34aed7550662da282e834a4585,footwear,608,52,29,21
8345d0fa27304f884c2ab0fb70548fbe,jewellery,50,46,35,10
5a03b0147730b65bc15be294a477ed12,grocery_gourmet,1391,54,37,38
dff8ea0414ac76593a83d1e45cbb449a,mobile_accessories,110,53,28,24
ef28ef853bea748ba2cc948bba87d4d8,pet_supplies,911,10,34,13
5de6ca5114fc2b4588878848133dbb91,sports_fitness,1686,51,23,22
1c0aa744552ec0f9f1a091b0793d4c50,musical_instruments,1754,40,23,21
1548ae42b241a46f1cf126dc6b7b85fe,health_nutrition,693,41,33,30
ba9443889de9f724dd8bf30ab2b5d692,fashion_men,270,39,17,23
356d799fa132cf5e1547aae3d1fccf0b,home_kitchen,1065,46,22,17
16889a4eeea9c2c2c1215b3ee4a3e632,mobile_accessories,133,32,15,13
a93af4ba3ec45de47ea83b2f0c22f86a,furniture,13606,19,23,20
676192f9672a0625052a75238bd1fa3e,musical_instruments,2104,10,13,25
aef6c97ac51b37d5cf85606f8090b65f,home_furnishing,1010,52,3,39
c66474d9abb89a41a92cba5d7af0ba3f,grocery_gourmet,766,25,9,10
1402361c3cf04b9502a2fef7d93dbf41,mobiles,211,25,23,20
1b2d7112c2fb71ef75e4331b0c5aa30c,mobiles,146,47,12,15
22969abc961be6278f8af9fe651dd06d,books,420,25,15,12
90b188abfd9751350a5c36363dc253c7,books,280,12,27,5
6a098b82ce86a2ea07c6ddeb5cbea599,beauty_personal_care,85,49,32,39
dc71e7c71102a1da3009fd94013af3cc,bags_luggage,265,41,26,38
bf76cb0637c59b28447c74792a8b0114,footwear,636,40,30,42
2d9d3476424a08a1e7e12d5e27af86fb,musical_instruments,2640,17,30,17
310c5fdf94e6f7d498c057b61bd4c59d,fashion_men,276,36,10,27
2d495da95ac8661ca41d0cf06b3d9bc7,footwear,659,44,25,41
9de8234a9313d7aea1f2d369d0cd12ef,fashion_women,391,58,33,41
8ddc0889aab29bb552f46030a5d9801a,pet_supplies,861,54,16,9
9f7f82e6a33ef49bc6f10caaa4f25c67,footwear,921,45,17,37
96d284a185b7df6b65ffeea23f3c09a2,health_nutrition,557,25,15,25
ac44933874b350e693aff8f10afe80c2,laptops,1802,27,17,36
e35f3105ddaab5056815e0cd23b9a125,watches,117,55,37,22
540740fa04e2f95c7d4f162d08d347af,home_kitchen,1239,28,19,38
29eb8baf35955aa291c1aec4c8a4f180,baby_products,781,46,28,38
5b28a050db321d6e289746a12edc20ca,automotive,1508,53,33,34
d06e956ef8987f188c2cd166607b5498,fashion_men,392,35,35,26
3df704c6c666f9ce419c2acad46dbc45,musical_instruments,2957,41,28,7
b9f2ee059dbec6339193ac1ebada67ac,beauty_personal_care,239,14,36,19
ab7d5345b723f62c7198058a8422fc7c,automotive,1458,31,26,18
a6041eb4f0653eecd2447c156034890f,fashion_men,577,39,15,44
489e21d1810dbee8084ddd55c5aebb30,stationery_office,284,57,39,12
84f7884ca31a7b7bde2e110335cbd921,electronics,1166,38,39,32
a7bced08f8f5b9b55828e1710f186eff,watches,132,54,38,41
ea66d9718c5e564dbb34754ef5c5b8ec,watches,164,30,10,31
ed6a2d306ff3debacc592ae15df925f7,home_kitchen,399,23,6,9
0faca715e0c7faabc38f93cf76ec97ae,bags_luggage,880,9,25,6
f4a24fd7c92f99f1139f73e106d737ba,fashion_women,472,48,21,5
5c34b1316f9ff2d88d5147af76bfd948,beauty_personal_care,288,55,27,41
4e7084a56fd23b2b28c76bd511addaa3,mobiles,218,24,20,6
129ddda4bbe2aa401ac4c92611f4096e,furniture,5584,50,10,9
3f009759395607dbd5dd04fc53788ea1,home_kitchen,1028,12,4,40
8c281fcc88f5a1f1547816bc867fce5a,fashion_women,539,27,28,8
98e3843ba8d7d647ee7077501af3b536,jewellery,50,30,9,35
2ae8fbace24df3f93293234245bffc6d,stationery_office,415,30,30,24
98f405f11f458aeb67c09d0699014c58,laptops,1651,26,27,11
b8a05e59327aa84950541cf13c6d55c5,grocery_gourmet,832,37,16,10
ffab83104565399e16caa593754f5086,baby_products,595,46,36,22
acd7d3b8e047b2702bfe37b6a13b6877,bags_luggage,697,50,35,38
7547f5f1d0749ed5d864a20da46c3227,fashion_men,210,42,32,7
cef44f664112110dde51b7119bdf8501,footwear,434,50,38,7
aaeb4ae6c181b87e654d02c88bb468d1,kitchen_appliances,3393,21,38,21
adc26c2a2db1c4ab6654669e5d108efd,sports_fitness,1321,36,12,19
de2791dfc9b1269c421835ad2ae55382,grocery_gourmet,1144,48,39,33
d5f79295aa3fe594869a6ae2d615d6e1,home_kitchen,1019,26,19,14
638fa738975cbf03fc2eb442528c6c77,mobiles,301,16,12,18
adbf6238ac70426994fa166f26a00cf4,electronics,878,55,14,42
c0da7d70463af02f2ecdb068bf368a06,kitchen_appliances,1167,26,35,33
d3168f07ede2b5a1fb847340b93d01a0,toys_games,885,39,6,16
63837c092e27c051ec5fd592b3112d8a,kitchen_appliances,3626,48,27,25
0ae7db9758b4bf9869854d5238c8605a,automotive,1163,26,5,38
681b6368c1a8a66b741d54c9dfd64c24,home_furnishing,1304,47,20,17
2feea58ff6e461c500085a576466a163,home_kitchen,1159,26,37,6
4e2181ad81833fa5ad8dcd8dba9c376d,musical_instruments,3869,38,16,12
70fed00be89689295e32be7cca1f5db3,furniture,15563,33,20,19
7125df33f192d66ac1673b3f2a6d732f,stationery_office,281,40,27,21
2ec14ee6ecacf9ee548b16fc0396b0e4,home_furnishing,729,50,16,39
6cac6867f70a27ba46c89f4834c67893,home_furnishing,1560,50,39,36
ce05a34076660ca0cdd20e6ccf87365c,books,243,14,16,42
03ef2716dfb15043b468bd70db819197,home_furnishing,1062,56,5,33
61c0f2d5402871bd4ecca28ba5b2c17e,pet_supplies,1146,53,32,36
b87eed77c59a42e53fde66d648996e63,musical_instruments,2657,53,26,15
06348e90507a6060c8900d91ccf1ee6c,toys_games,629,45,30,36
55419cd9005c46b44e07ae2c755e0707,baby_products,805,33,9,42
be1adcf50b42935a12d2b4266fef2fbe,bags_luggage,583,52,8,7
cfa447790d1c058ee953ffa28736544f,grocery_gourmet,457,27,32,12
98874a9180b81ea8898c299d8191b0e6,pet_supplies,1237,49,8,29
354924647ff74f81631720c096853ebd,home_kitchen,1264,24,3,20
5c0610ff815dcb326888a2eb39301679,jewellery,68,21,19,29
24131237532f924a225a195aed6d27fe,musical_instruments,2419,16,35,34
f0560d1cd6eafe37edd6ffb6198289f2,watches,187,57,11,25
279f461406eda1684315b46806c7937f,jewellery,61,43,30,41
4fc876c38fc61d86e7fa7a236235e73d,automotive,1146,18,33,15
768c13bd67f42a3d182d337f19c04360,kitchen_appliances,1564,27,23,16
8dd25f70ad7bc5beb5c2463effc565b3,musical_instruments,3465,21,26,31
b67d03c37f1263ff7b94a873cbe59f16,toys_games,469,56,34,18
89b4c8aa553f61c282330708b134e731,home_kitchen,1697,26,14,15
38d4e457753ad2821782c6837d144632,laptops,2122,13,34,6
8d712b332e43a4efc64101b8b770d781,books,190,55,23,17
06bdcc5410b231789c5037f7c4d8b14e,sports_fitness,980,55,11,26
09939554439eee72b4a93430c8b0561c,stationery_office,416,52,25,10
2d0b8ee4780927af94651c56ea411792,books,153,46,14,41
8d49ff7e3cfc7c1972be31c1bd60351a,watches,141,53,10,9
dc66d691c992ff4a5391c46f0b8f1d79,fashion_women,540,48,13,22
8df5666f55bb0039c04f5315ad1a9f21,books,229,40,30,9
9a652aba6bd7a9180b8f8f8160841b4e,fashion_men,409,45,26,42
b3881db2eb402ea1164a122f4c59a9ad,baby_products,566,59,36,18
5c808aa81c016a4879d376d710eec970,electronics,1159,45,37,33
e918c10824bfe2a0744e4f73cadf2b5c,automotive,1781,9,36,26
e88f6973981b86fa0ece5c6324ab56b1,kitchen_appliances,2236,46,24,21
af93aad9306f13947008e3e3c4ad767f,home_kitchen,1188,45,34,33
2526ac396d37f07ddd448d1f55b3ae4a,musical_instruments,2658,45,4,38
697f9e34ff13c613040c51272c8781d6,watches,181,9,17,17
81d4abdb3601c9e7f87f5f06737579f9,furniture,16256,55,14,12
103eb757d7d86a673dce2d2e95b047f2,watches,96,36,14,35
d8b5a4fffdfecdb3894c4113a630106c,musical_instruments,2005,44,12,16
025052476c9824ebaba0c3a66877f1f7,electronics,818,36,15,29
7e29a6d52fc1af8819ba5d485dd496c7,health_nutrition,743,20,36,43
8a7c77b25d2ccfc6fc1dadee778ddc9b,laptops,2003,8,9,36
2b13c0aaee073b6c4856f37d374c6422,toys_games,377,21,5,8
e03d1531c6d179ff4b32b62dd29f5812,baby_products,813,57,9,24
3fc273cce52b8622ea342a76ab15f25f,health_nutrition,653,42,25,29
870fa06a665b07660dda400971316444,stationery_office,467,27,29,23
48762ea4bafefc13c8a3fe43690240e6,pet_supplies,1182,37,29,16
05b092a724e9648346c8cd8b9f9547f8,bags_luggage,834,32,34,32
dc309a0c7460c2e0b6655e7a2aa7777e,musical_instruments,2656,56,34,34
0816a23a60876263876ee88a10d84a41,bags_luggage,1275,44,3,23
2e8c8a595d7738fe058dfed0ad0ae59a,beauty_personal_care,212,52,27,41
6471f64a6d4a39d74227a7db335513fc,musical_instruments,3374,13,24,12
a81e0aabac88543917dc7060fa5fc2ec,home_furnishing,574,44,8,30
0004701a9ee562cbe1b4568034c66374,laptops,2360,12,7,33
57e704298911e4f246038835a3600397,laptops,2638,22,21,28
2335f48c4b93c864d1804c255c8eef28,watches,171,49,25,28
98e931a3da6657bade3e0d3e6ce026c6,sports_fitness,2193,35,7,14
0fce19af8327f834481555622102315f,laptops,2614,15,35,8
e57df68dd53b170e305493f3cd36a88e,toys_games,566,55,10,10
eba499af22e19d99042f6466c34327d9,home_furnishing,1194,48,23,36
867ee0525bc4b10610759a8f8e33a11e,furniture,9742,48,32,36
2c6e2cd203d4140844c594351362c7f1,musical_instruments,3412,54,14,44
e76d374348954c83e86cb5dfa8d9f93e,watches,113,59,3,10
1532d84ca1dde304c06d68cd7786b518,mobiles,216,37,3,38
229256fabc435cb863da4750e3daf37a,bags_luggage,1133,32,28,32
1b106a841a3903bc742de65e968fe343,sports_fitness,1052,23,14,7
a2d9de210f5186702877367b1374b59f,grocery_gourmet,786,48,10,24
44a36bd5b1705a3610211239911a9b49,sports_fitness,1283,47,27,11
f2c1e229306340241ed7b0cc9b3b38b6,books,237,44,33,16
abbe66d4420c1195913a21d1530ed671,home_kitchen,996,10,7,12
dd8a79e107fe3c91d1279608e546772b,toys_games,603,27,32,20
a9573884254d19d0a190a2250a5c66c1,automotive,1334,23,15,5
295ea2e312c6972e2138dc8d4403bee2,laptops,2632,15,25,12
d800074f9a97db64d44c197376ecb076,watches,151,27,8,8
25e1115595ab0088dd362445594bfbca,bags_luggage,1242,34,29,39
9262c3aecb86fc291d32ccd9f33fd843,beauty_personal_care,205,39,10,14
82726a87f4fdb8ef7f098bae27ac13f0,home_kitchen,1111,52,23,29
c3114f9ac4c418cf5584ba762e731e2b,musical_instruments,1471,48,30,10
cdb9632daa6b50982810d92471202b72,electronics,848,48,17,9
9ead96766f8cab14e7ecc8d886165713,fashion_men,579,14,15,8
07f99550eda759dbbe28a0094df62a17,health_nutrition,371,18,4,16
530700d843d1794553ef2de95fe39526,watches,187,50,25,22
72b0ee2955013a93ff2a13f4acc890c2,beauty_personal_care,318,13,15,42
0b21039c2a04e3438603b711123334c8,pet_supplies,716,50,26,14
32831d1e1cb4ca2cf22cdb70230d535b,sports_fitness,1397,52,14,21
a281dddd39772d3eb18df0a64eb24f74,health_nutrition,604,28,29,32
6a10213db16023fb534673cb2ebe9ebc,furniture,21285,23,29,11
70877e756dbdac34e0236aa5a73b68f7,grocery_gourmet,1170,48,27,35
f45c1e44a94c6cae919dc9db90c64474,grocery_gourmet,682,59,14,14
793979145c898fea2cca461bd6df48c3,health_nutrition,913,14,7,6
5b71847a216bacba7e6c8fb4af4e7033,sports_fitness,1385,43,34,31
2652fa18c946c2202e334333183199dd,fashion_women,393,10,38,18
a56d61164aaa1eaee1521862a0c936d1,beauty_personal_care,267,31,33,27
d2f74699de7508c4f112b3d3740d32e7,home_kitchen,2051,10,6,26
e0752ecd85232260d0f565ebfe6aa659,laptops,2645,40,14,25
2130e0957206a33c5978eccfc36afd1a,stationery_office,390,13,4,30
cb1835f6a11c9f7bb5d125d9936d8b7f,automotive,1752,32,24,22
fe77dc23264b4d1d1b0830e20c9b809a,fashion_men,328,15,5,27
12194224659c055dd17d6a92fb3bcc74,health_nutrition,366,27,37,36
630cf7124cfb90822b7d912c167c7f4f,musical_instruments,2180,49,17,28
ee0fc1aa20c85faf3aa548145d958582,sports_fitness,1544,58,37,6
3c527c41f1aa0171102c14ce792edb68,mobiles,167,38,35,32
2ff40f96790f1206ecb80c7e264b6fc5,toys_games,607,51,13,29
daf110a687e16bf73d6df6c8f76e8721,jewellery,58,20,30,8
1ac2840f02e5184a08a325d0dbaccfd8,kitchen_appliances,4693,32,20,32
54e9acb941796cb57a6139ab1538f94f,bags_luggage,740,52,13,38
7a3b42ae14d547a6f0741615e338d0ea,pet_supplies,1122,8,28,42
bfd0dfc1f9843c38f9c09c494aadfcad,mobile_accessories,113,49,36,30
fb1b6f3e5ea3ddcf53c9587851e26518,musical_instruments,2772,8,7,38
69ccfdb07fed3befb54afb540db196f5,grocery_gourmet,1265,10,12,40
43df6fb8fb4daabb7624495c8ebefe83,kitchen_appliances,3320,55,31,40
66efe0388a089d9a77320adcabebffa5,pet_supplies,591,53,9,8
f2d5b5dfd82d75270966849b0b8f7d4b,automotive,2600,15,16,36
7bcf58906a2bd31997db16620594d65e,grocery_gourmet,992,9,14,33
fcfa11872627bfbe2036e19280f1b0e2,musical_instruments,2775,45,25,43
d17eca481e000c5f8dcee4786d3eb99d,jewellery,112,21,29,32
cdef96d9f138479807c276f5f567f878,fashion_women,585,47,7,6
dca18c87f2a8b7b1712b8f25297c9b26,electronics,711,50,30,20
fbc36c5502382913be17346a30c51859,automotive,1596,14,39,18
45f3329ec7ef24f825f3d490f28cfff3,bags_luggage,1140,24,28,43
0e0eb39a262511a2904130d6a72e2694,fashion_women,281,40,10,39
d73806f853531aa2ec6ad6555494eb6d,sports_fitness,1220,51,25,5
276e93a560c6d3497d6dafbb18056c01,books,341,48,9,34
d38cb7ba22b0ea04ab53d3290ad3dff8,footwear,620,51,6,32
33c66dd4a4cb9cbed9c5b1edf8e0adb0,sports_fitness,1048,57,4,34
c36e2b1b70fe2cd82800803c27f95f9b,sports_fitness,2185,47,32,8
8e885ce4f466eaaaae888c09afc644ca,musical_instruments,1967,45,37,15
73fdf2cc19b40a20857528f1a6d20830,footwear,744,46,11,5
c8e3af0d7fc2538ed68a34ad876dcd18,electronics,831,37,35,32
0440cb27befacfa89775f314611f0bd5,health_nutrition,866,54,33,17
18dac14503676cd60dfcb1bd01b0c452,electronics,611,19,5,40
0ac356cce755e333635f857bb1a46ef5,electronics,1241,48,16,12
e494a2e3c44292e9adea3e2672294250,grocery_gourmet,594,41,38,20
c8c46413b593e7e47966fcc843d889e1,stationery_office,494,36,18,21
42076e1d3c4e89560a2e38b73df5f95c,laptops,2047,26,34,5
6b89fb4afcbe90ee66afdd88d56eebbd,watches,159,9,31,32
4ed295c55e51169e91ad5dbd4c06f1f3,home_kitchen,756,59,35,15
c48dc87fd3c569ddd0782c113d022313,health_nutrition,504,33,35,16
a0815264a3f3b07fdd0174549b7a4de5,toys_games,742,42,7,8
53a1ce05622e751c56f102a1226c7d12,jewellery,85,52,26,16
e9260a32151eebdb07d1ded0cd8c02c7,jewellery,79,41,16,38
3cca1c58c0eecd2aa05c7351a35c5c2e,jewellery,106,34,16,15
31e9023d71cb25d5899c9e3e967e8b35,beauty_personal_care,203,36,37,15
e5886b417cf9db24f62049ddadb055e8,pet_supplies,629,8,4,17
90476b339de717ceb5a429457c7c5e67,fashion_women,583,36,6,31
3db7d6ff063744a0e93428cfc77e2e6e,mobiles,217,11,31,31
f205099f0c3b4346d7ec06bcc0129ffc,bags_luggage,923,8,33,31
2b8e15285b0aaf8b5581cb44156737a3,jewellery,98,25,3,41
29d3c674804a846848e793633b913080,home_kitchen,1097,38,30,9
c6b9d13427eaa7498018f611a756e56d,home_kitchen,1412,39,32,12
0abbad9cb632b8a00052c3358359e7cf,jewellery,63,28,23,11
3819796ac49965cd6003fbd15961ec02,beauty_personal_care,198,48,38,30
83d1050c3bf1ee88b1969ad653ab915f,pet_supplies,1267,39,18,14
9667469cdd3b679b9ff02bc3465ab5e1,jewellery,113,26,21,13
84e4ab9117e068c69eb1269a17dfaa54,sports_fitness,1736,54,33,34
f6de1792e3b639bd47d71ee5e2f2f319,laptops,2116,52,36,22
616ad455c8e4ce20c770d62be216be39,grocery_gourmet,965,50,19,41
b1d3f7e61cc55566956652eb70e8bb82,electronics,924,13,6,7
b067e2046f48d965df5504ba7254b7a0,furniture,14396,26,16,21
3f54465e6204ca1fa44ef6c16db67f85,toys_games,380,58,8,41
ddb77aca615bbc45f6212828429d595d,beauty_personal_care,202,49,34,10
07eb423d5e414682377e538028c8f521,health_nutrition,915,48,29,9
ab14bb775c446363cbd3fa848e82bfc2,musical_instruments,1181,32,15,37
00c7a474b9c90e47c8fb4ae747b7bac3,watches,115,22,26,24
c69804f6d3cb1c3b57fd689dd77511c1,stationery_office,231,32,12,35
4be2a0e41f33c43197e99c4086c882f3,automotive,1299,55,4,31
58e5fb90bc2f5d2756fc70318dcdf5ff,musical_instruments,3186,9,38,5
19911ee68c159f3a7663718dc8e1cfb5,jewellery,65,40,25,41
f7203c72549a1b4edeeb57b3752a0a15,grocery_gourmet,734,44,37,27
aed427359e555f06b3600ae4ed91b425,musical_instruments,3332,8,39,16
397088de7b9d7768ffbfd71a79d58894,furniture,15624,31,32,40
e39d6351fe2f807aef8873fa19bd65a1,electronics,656,40,11,22
4f6d88049a038818844164c58f4b2aad,laptops,943,11,16,7
7cdb187d0dcb01c955136639ce100c3b,home_furnishing,537,29,39,27
ffe32a6875f0baca572f86fb3f5c0040,sports_fitness,1542,58,10,8
fefd3b9efcecae7145ab80e1cb6b49ce,stationery_office,304,54,18,36
6389352c7fb2edaf1d876604dc93f480,sports_fitness,1737,47,22,14
e6645a444e70a25eb5238254253c4c90,fashion_men,513,57,13,21
eab043d911cf0f85023cb0dde76ab0f8,stationery_office,266,30,35,6
59ac1039b8b07ed30e629737f266ce1d,books,120,31,30,30
16516f354fe19169c4ac912b7ec55996,bags_luggage,939,57,36,41
3c64c39896a192b494ee62e96a95672d,mobiles,225,34,18,37
d09fedfacbd8acd4e142c20d485647a1,mobiles,252,26,35,6
2da510423c8d4311a89179aeea0a210f,electronics,601,16,8,35
5a19862db160a9af57b36815a9b36bc1,bags_luggage,1469,45,37,7
2dbed0069b58774ffdeca44104e67529,electronics,378,39,30,28
53524b883c294738ca848b26aadf6864,furniture,10046,37,16,18
35e40e7f7094c2a11135db157d6e0e30,furniture,16716,21,9,40
191ddb0c77cb93ca1a0b298ffe2ab63f,stationery_office,393,37,36,37
727a3b882dad3fcfbc87dec2e5958dec,grocery_gourmet,597,32,25,36
673df93a6367062a38fc93c3876bf0ea,mobiles,141,21,19,25
e0badc2cbd1493b480591c9381e21ee3,mobiles,309,59,33,21
39d35831abb2c8583cb8fd9ebde218dd,mobiles,224,15,36,42
e44145d3505a0e7abf38c55ef7ea8d30,toys_games,621,21,31,35
0252d26618fe1fff57cd403a042db5f2,beauty_personal_care,288,50,32,34
ec358c478405f41f2cb2a2b70e3ec974,mobile_accessories,149,18,13,20
8bf74cbb0e5877fc977ee625de44678c,mobiles,79,18,11,19
086b2644ee2b417f5b8aa341b0050332,kitchen_appliances,3331,32,36,7
2804e284c8d3656bc9bc4ac444a5897f,health_nutrition,330,24,11,29
4b7d7e9a8400ccb693b3000ec26c3573,jewellery,90,20,20,25
31004c86449e8ea2af583b0a70f9fc19,automotive,1336,47,23,29
8d6459d95b6c87c39886b26b39a9d600,health_nutrition,473,45,20,13
53544c42c94764a4900132ae9c4a89d3,fashion_women,370,16,35,25
62cc628d0b8b4cc4d1d3683c6698b625,pet_supplies,1279,13,20,43
9f4ae255fb9920d85788f5e2652d4614,bags_luggage,1556,43,15,39
e63324320dc7fc1008f987c3fd5896d2,fashion_women,337,48,38,14
470c5fed1fa8b92e98b1d684c5747272,books,368,9,30,43
d0f106fa9031c7ef144944d621a57e35,laptops,1944,29,30,26
6dde7b551956d4c7804ed59b0ad99d95,electronics,626,38,22,11
2df04c1365addb67ff6aacf97d259075,jewellery,63,34,29,11
e00b24e2131d0a694e82f9d8fe21cad3,kitchen_appliances,3660,31,4,40
ce393c9f2d5b61d08e42460cec6f985f,home_kitchen,1417,40,36,38
dd82cb16d9e27eb2f350d54aa7702888,fashion_women,567,8,19,26
a0a7b3d7c0408bbf9fb8a2aa4fd7cf0c,footwear,755,42,12,20
4de5be9db2570656129a5ffd5467f755,kitchen_appliances,4298,46,6,25
af23dabf00b0c89805a4e555c4a72735,furniture,14686,50,18,24
6bb38342a5161d882b0fcde2ea12d8fa,toys_games,595,55,6,8
98d688506834230bad317e38b0b1e180,toys_games,589,10,10,22
b5b9cf667add66234364552c7e3f1895,musical_instruments,2536,30,16,23
c3e43d44c82fa93d562c766072d10ae7,bags_luggage,1053,38,32,7
fd2bcad753db6751dc5383c4a9fc53f5,fashion_women,486,11,32,24
c696cb4797f90e0184543b3b6d7805d5,musical_instruments,2102,9,18,25
7244301b71b3fd4221aa31f4d2879d33,home_furnishing,1399,9,39,11
1e1fab7a625e57e2d2b2d2d89473eb4d,electronics,842,13,27,36
2a30fb3f600e799546f59d527f959dbc,fashion_women,402,47,4,25
58e436add9cd506bb263e4680e49f119,kitchen_appliances,2575,58,29,29
4c1e9db1c9471eec859b45e06a9ec2a5,pet_supplies,594,23,11,33
486a58ba642874e4d81011387dbc89c4,grocery_gourmet,553,26,10,35
762c861a64aa23c6ba7e0d38dd890297,pet_supplies,1335,57,18,36
147e8d006fec9501fa002da674e5f5e1,electronics,730,55,28,5
c39a391c2b73b7d4db0c4fc156411dba,books,571,38,32,12
15a5cc45d10dcfe03ee9fd9b7742282f,sports_fitness,2519,42,31,36
a795e8e1eee527489f10737fbc1c3928,furniture,16132,11,25,40
4b5dce6373cf88a5fe6b07e6b9733a70,watches,106,56,14,7
67fe2e9eace2461a6444203da7f25c93,mobile_accessories,101,8,29,38
8b0aa50a41c5c7567448530f9bec917d,jewellery,111,24,39,25
c7a048431dece942283833762c0b4129,beauty_personal_care,290,22,28,39
927865c2e99268737b931de70ddce439,jewellery,72,22,25,17
76fdee0f8cf8ae67369be61a91cbdc61,beauty_personal_care,238,50,7,18
a01480c51ab3bff03f2d3975f80bd52f,fashion_men,547,50,17,15
e3ad3463334954495b75dc1e7f9eb7ca,health_nutrition,971,52,24,12
5a6430bb2da3bd4b01594c7c7a84f27a,laptops,1745,45,30,17
a4b5446e73f70ec3b7dbbfb2638c1f01,sports_fitness,1308,48,14,15
d3a76039440de1f4a31de769f9397c76,musical_instruments,2150,54,5,30
a6a4e1c2a34c6bc207e8ca904d06baeb,fashion_men,353,35,16,6
b360ff96733d76e00f7d6574a9c16a38,electronics,801,26,30,16
a3846d1c9ac0208e5cda32e443ac2069,electronics,1033,41,3,21
5c9402ba91ea4888841265ce09e195c7,home_kitchen,1052,24,14,26
b3108eb22325bf5a56537169566a2a7a,watches,167,54,39,29
083975d22b86a49bc2b5e52b78a44345,fashion_men,311,36,18,37
7746c34f68724a9bb819f3c35d1e1f26,furniture,9486,15,33,34
1f8514b9cc36249f17cdef34b2d4aa24,footwear,866,29,31,44
09169f259fa691c6cea8463cd35eab31,watches,172,20,20,23
d5a3f06aca0268a53bcf46717a61c994,electronics,365,26,7,36
d679d95d6f85e26cc8d3bb9581d23ca5,toys_games,533,44,21,31
fdcaccbc3946b5d801682954b567c31e,footwear,853,21,5,13
63d5c51725732aad66624b6eb0e4fd68,furniture,7157,55,22,34
7f50cfbbcf5486ac2f150deac67902e0,mobiles,309,46,8,14
0fa2ebbfca5c20a7f432a1e57e75ea28,home_furnishing,1766,19,15,21
99ce8df460c4876a26b08f3fbbaaa88c,automotive,461,39,17,8
3d14dbe4ac017b20de356c2c85b2c3a4,furniture,16527,21,4,42
0eba37ab7e0597b621d0e9e5783434c3,fashion_men,407,10,15,39
d3e2d5cf02e9b11e8ff0575b735084b4,furniture,9914,56,3,18
1765e3d19e39be5d97d3d994e20b1336,automotive,1184,25,35,33
c20b9add618b3b86ad3369187db59d92,sports_fitness,1213,46,16,34
15f3c943947cee746257d85833a041d7,home_furnishing,529,29,36,34
61e5c2d8314de22752b1ef5224363b68,automotive,1050,38,29,17
3e08cedac52d5b440ab978b3ec2a7e0c,books,281,44,6,40
58478ff55be6cc568e06cc44a0ced3b7,electronics,581,35,24,16
ce5e899cd0a5f38583f13dee1af9326b,musical_instruments,2105,12,35,8
4231278aa0408679f701532c26200050,footwear,911,22,12,32
86a3659aba1b461f734611bbb7672697,watches,165,51,35,23
a5b24ca64e90bdd0ae5dd17bbb64ffc9,grocery_gourmet,812,49,24,5
86cab3bfab49bc3b5d366445f9792d6f,home_kitchen,955,28,27,23
087e6618bee2578dc37896e9b2816dcd,footwear,912,11,17,17
3ee890baf74d4e32eea80fcd4af1d921,toys_games,667,42,12,30
0aa75b69e2e17eee115bbdc2e6e44d25,baby_products,996,44,37,36
a049a985dd4936fd35c355729b545699,electronics,966,34,36,5
a77ef661a65abe7f8c09c484665a5e30,automotive,1582,44,37,25
c7394ff1bd274adce08aa319e502132c,fashion_men,296,43,30,33
4c9c19a5ae7eb9661d3ce9add1fc4b0c,jewellery,73,40,16,17
258961c043b3c5053fa26c323d85c5ba,jewellery,79,20,5,6
da7afd58c3a12e35112f07e22d6fcd99,furniture,18121,35,30,28
1e1abb49dd0831b94ec02b22d5bae57d,jewellery,103,23,25,24
d9d366302ce20ba88d0eb1458de8bb3d,electronics,1286,28,33,8
c36e8841aa675fd1b31bc6dda3bfcb34,health_nutrition,699,57,14,31
d1c83228767432979ca162a4f522fbd5,electronics,1091,41,34,38
bc5b64d2b4310fcb93d6080bf303200d,health_nutrition,524,47,28,15
420ec52f91abff5d01d815bd939742da,toys_games,581,51,13,17
fe7414b8c337d7d93eac585fb3b8eba2,toys_games,684,58,17,11
17b9cb2235b3c81b422b6dd37b0f7e67,mobile_accessories,96,9,23,40
0ba121ba370f0ef6324a1793c01e461b,laptops,1369,46,9,13
325139a87bc528cdb23767461c4ef66a,musical_instruments,3163,10,17,12
8181bfa09256a7be67875d2e1458e70d,fashion_men,444,15,12,22
715139a320f8a302f37bbe7308fcf54c,books,328,36,25,14
a72f47705119c4ded49c9befc65c07ae,toys_games,952,11,35,18
43f12b5f6a7ba09c62379a23f5eb67ff,electronics,769,23,28,42
bf4cb8df2c61e8583b344006f921aad9,footwear,498,39,4,21
4abcc3078708131c69ca810186bdb42b,grocery_gourmet,801,19,38,12
883806eba48b647a5eb4c92a4170a0f5,kitchen_appliances,4096,33,23,6
0b63846ab23412b44c696e8be0c7ce1c,pet_supplies,832,14,39,26
bee3d2b540ce74f4421d0afa8f1f06c4,home_furnishing,684,58,11,37
531dc8ab984c92bcb6051df827642e8d,musical_instruments,2493,53,24,13
37191ae8f091be64886e22517040221c,toys_games,687,11,37,34
86f361763abfaa9e690a5c682953b020,automotive,1861,48,17,15
9d83cb7074ab06979ffb2a1e586b268a,footwear,931,21,10,43
4f1cb7612ed2b59869738e01f722a8d3,furniture,14297,33,5,33
29d31766f2f1426902c25a1c5ee2c46f,bags_luggage,1056,54,38,31
7544bc65cfd65a0fa7211994f850a949,automotive,1889,28,27,35
b78e365be5ddbd14fd87eaa399444a24,pet_supplies,706,40,14,24
4a3a3198b98c426d18c364bedada3d68,health_nutrition,529,47,12,11
7e2acfa7055c94efcafc5b424dc18b1e,toys_games,490,45,22,42
705d7a9b84b23826dacb24383fc638c0,toys_games,695,44,26,10
e1f75baf2beabb05f4b1ba96f56ba4a6,kitchen_appliances,4812,10,25,20
169385527c2a60bf0de193b8634a05a1,fashion_men,411,30,5,28
ea2712400a96ad492817128c25ad841a,home_furnishing,1592,28,10,31
fd033469f43382fe87a861a4e7a3fedb,grocery_gourmet,991,27,31,6
b776195323fe0abb5edc33bc32e0e12f,furniture,11244,42,11,20
b80185380d1e506ead2117a3e8bfb6b5,grocery_gourmet,807,39,10,20
b533f5f9ef77f71930ba02a4337213f5,toys_games,551,37,28,29
ba3c5d2b88248af41f6090d70dda8626,books,324,15,33,30
79683b369350723208c09117281c345d,grocery_gourmet,863,31,24,8
59530471790c6073b46c2ed5d00dd470,watches,177,31,25,13
aeda0231d2252eb05dc911a42ad45f78,home_kitchen,580,38,22,29
98f8b6a4e8402b2f94ff78c7225cd242,home_furnishing,1443,42,25,32
28834c0c90194469e87a803d1dbbf084,footwear,729,15,17,26
2c5cbe765bd04aec48a6916a8869a118,baby_products,539,9,33,28
b88360833210e9cd4948ec43ed4c944f,jewellery,50,10,27,23
6fa33d2ed7801ebaf06fbe2ab1291d42,watches,186,26,8,13
69e547165ed29862a25615de12477971,electronics,911,50,31,15
7a8c431e9dc332c01db1e15a79a88f2a,mobiles,277,13,37,41
abac0d0523a7b758afa71d2814244f87,toys_games,588,28,23,12
a6cbac6e76fd57a8fa45644676487913,jewellery,78,55,14,35
02651f1da8fa3f187eef8344b752eeb7,jewellery,79,16,35,40
35f11d8c5aeebb5d1bedd23cd1c7652a,jewellery,69,32,13,16
d7aa5a25002961436971d37f20982499,mobiles,224,27,14,28
5f9904f28e3c0bf4aee32843058e5ebb,mobile_accessories,98,18,26,44
65257521fceb0bcc3fc7dfedf748c39b,musical_instruments,2327,28,30,43
d256d98908c0055fcde669e25c4553f6,home_furnishing,1757,8,18,27
c440f0b48c5bce14f2d70fe116c201cf,jewellery,61,42,12,5
efb3ec5b1d0d1e426b17a3c4bf9a9c9b,musical_instruments,874,43,29,37
cc0886c088ac7dfb444e795e226da0d7,furniture,13399,52,13,6
5f931d78c8d0a2d910863e3e7a94b4d2,beauty_personal_care,322,29,28,27
dd55b7b49dd32b742d9745eb31129f64,furniture,15668,31,30,11
4cb91cbe4ea9bf84edb842241426fd48,grocery_gourmet,1480,52,27,43
4ef0e8ccb8a9677a6e8ac8d95bb57520,stationery_office,299,53,27,37
89d1d4c4e5207de4ffe500fe58ea54bc,stationery_office,448,23,7,5
fb88c978e63ce10fddf18b34b66af2a8,home_kitchen,1059,26,21,32
7674fae1a4063ac2e8e4719b409992dc,jewellery,52,50,11,20
b0c7cd4e1f8a415407a68916add877a1,furniture,19467,39,25,26
df96d92ea69aad4669e40b18863e50d9,baby_products,230,51,11,9
2ee4c734107b0ae0b480593b83f99813,footwear,604,34,27,13
78db79fa9276fa4812becab8c5ce511a,books,419,45,32,39
cf1cc12f7d311566d2e12fc1f6735101,stationery_office,430,13,36,26
5346faa1081567c8b62fcf19f39f736e,electronics,674,24,33,19
3f0767f2375ac788674914c01e361cbe,sports_fitness,993,48,36,16
1051c76964db5ab6d11ca2f208b48d50,musical_instruments,2293,14,14,17
8aa65a0c147163c8e3d05150adaf08a4,pet_supplies,1328,39,30,37
ccf78f285511da3767fadcc1060f7d07,electronics,208,13,30,21
595b587fbfe993c191764b78d6de672a,home_kitchen,1359,29,20,15
808a77a26050d41c44e594943106a06b,books,222,29,16,27
2255e08af1b4f5eb535691e21c06d9b7,fashion_men,431,43,24,30
854f8c7e56c44dcc0b3eb31912ad1745,jewellery,94,48,6,30
f7f5dd7693f6c5d52ea306637e60566a,automotive,2412,30,27,12
841483f382d3b9fa0e4e9e092969db91,bags_luggage,820,46,5,44
3b6845b18528329bf8d6d6f7c92246ea,watches,169,40,36,33
d9ba4940f477caf2e463ad6b02788404,fashion_women,583,51,18,38
4080385cee58823be4f8ececa3293f9d,sports_fitness,1625,58,38,28
29ad194fb3dfec00e3b3515ee1a94951,laptops,2060,32,38,9
392bca7203a14132e63a27895d980286,baby_products,708,52,11,6
cb5bd7b80b83e99879e99db950406330,stationery_office,485,17,8,25
45a90d23eda35089104896fde9d18f65,home_kitchen,1034,25,10,39
b646cebadfacaffd60f046182093aa10,home_kitchen,847,38,13,30
806320a94a2537d7002265ab42fcddff,fashion_women,269,38,33,36
3721a00942c1a58ac6a133b5f9003aae,automotive,645,26,31,24
15cfc708ea26c120c6eb20ff7c7acf59,footwear,734,34,34,37
d9f5fc2e6c1b762e820b022c0d835495,baby_products,747,21,31,9
e7d9e780f5c22cf1cedc2c7a6b729307,jewellery,111,46,33,16
f3df9587d305947e55a4e153fc0b3bb9,beauty_personal_care,141,11,18,30
a94ce8f0891f3d6e7613b4b9835df389,electronics,843,17,35,16
769ee8b9081af6736c8d6e42fd1bf598,jewellery,75,34,24,44
808b646446508e11766ab8bdbfbdfa8b,watches,212,42,28,16
d341f69b520704836817e5e20a0d8e2e,toys_games,207,44,31,31
059b8814656be588ae74b9de41f39076,bags_luggage,1071,52,36,5
9aa4566be56dda97213ca057d2db5690,jewellery,80,28,6,17
7b9d0cf77a1b9367c714d17b6f70f8c7,automotive,1304,43,14,6
341336ac013c825b76924386eb457b79,footwear,786,47,36,11
da5ee3652d37296dcfec21049a1e627c,home_furnishing,1254,40,38,38
bd2f65508bc9d8cc67db58a16f60acb5,footwear,459,33,5,41
8eb61a448e1ad00a02b37062f4af9c7e,sports_fitness,1393,13,35,8
7cd49b6e29ddef1f4e5ac8332637b6ba,footwear,425,13,23,15
77f834e779ff97fca4aadf8156cf699e,automotive,2265,35,27,34
7b2e409bb6993e617e32325428308312,baby_products,567,33,37,27
1c135809304223553dec3d5e3f827986,bags_luggage,1018,33,27,12
468f88f8dcf07fe137c1cf31a78a5383,fashion_men,292,34,38,29
c6b6898e2fb403fc6defab67dfb1815e,bags_luggage,664,13,5,10
5881d2c231342000acf49d181796eda0,fashion_men,253,43,31,12
2308295500801938489da6d385ab683e,grocery_gourmet,748,54,8,17
cc47be065bd07504de1b99e8ff900e88,home_kitchen,854,42,39,5
d90f7c0364ab5c3f51fa175428ce89fe,baby_products,492,38,26,16
cc47fb89de9eedd5c64fef727ce99fb8,pet_supplies,667,26,29,16
46ce70091fa3985a0dadc8759e305412,pet_supplies,526,36,31,23
23d90c44b5d63fab868346af158db505,fashion_men,351,44,28,25
bfec9d43f7c10c715eb1c0454f5b820d,automotive,1761,45,11,30
558cc1096302498fe0fbec5db6223e8f,electronics,809,26,25,25
64a0e6b4c76cd6875732828e032eefb6,baby_products,981,42,9,17
981cc72ec562683a914df7b97ebffe3d,health_nutrition,523,10,20,7
281fbcdf81ad896aeade9f142dc6e8b3,home_kitchen,792,20,3,33
32f8046d827de31dd81d7b364a8bc9e2,musical_instruments,2440,13,38,22
017eb875b8f890403105de8a9732bd20,baby_products,729,56,29,24
040a3364d15f5699a893f7f4448c8c46,electronics,924,31,38,13
c07aaed3e7ada468346a43e46534a50f,watches,103,37,35,44
823bda229fe207774675c7c9c0f9be4d,baby_products,608,38,35,5
5885a91e8576792bf497294a0e87e562,home_kitchen,2039,20,11,22
951c1693621f23c591d6e120a2937ec3,health_nutrition,577,39,4,8
1f33a7fc38cf485c96fea534318667f9,laptops,2255,30,16,12
16da3ce950133a209e8049d84ff3d0da,mobiles,322,59,5,5
9c10ac4dc1999cfaa759ab30767ead92,fashion_men,333,8,33,37
368dfdb3f3ec640f45397ceb9a38c9eb,furniture,16655,37,16,38
107c7f60ceacdc6fb6be9c5e1ce3002c,books,50,45,14,24
431863e2314c34e46183c99231f8476d,fashion_women,399,25,36,20
92e87bad62d6d77f1bb7d8c015672e92,fashion_men,550,53,21,32
f7849d2cbefe16e8541b5a6d39bbf580,automotive,1578,8,16,43
0f1f9da9ef5f61e3adbc4b6b5931942b,home_furnishing,1122,33,18,35
91120e1bef60e09d7ac8536bca6a8786,stationery_office,253,9,9,26
1fcf13d940b63553c97aafa5114e6836,musical_instruments,502,40,18,22
260a09b2df95e711a736c134c70e0143,grocery_gourmet,1270,11,39,7
dab62e3005103bae709c736567b13847,mobile_accessories,65,57,11,28
f8829644295065ba7e54448c50ff09e0,bags_luggage,781,34,38,9
c5303e8104febdb134664feb880319ce,electronics,1019,31,20,9
1986b8c101a4bd9210b9f1deb7b654f2,furniture,13597,24,15,31
fecb871e912450c323d67e0338e39a52,fashion_men,394,47,12,16
41676fcf256d2db980d5639d6fe8feab,pet_supplies,519,55,34,30
646026288c005dc0d43ab1192dbbc151,automotive,760,16,19,29
3ad8b9159df273827b784ddcd5ee60e1,pet_supplies,265,44,15,32
5f0d9502d168c8f9b56ad134b9dd245c,fashion_men,362,56,38,23
54160f48599d987cb01cfe0147eeb054,home_furnishing,1353,32,15,41
b805e64d8fdccab745e0dadbf50eee09,home_kitchen,1252,27,29,35
79a1fe68b70f2df4b80238ed5d61a38c,jewellery,70,22,22,34
b4ae45c0adde5c459d30c3cd68dd8b09,electronics,763,54,31,25
77af78833ad68c8f7c4b232c41ae0f96,stationery_office,286,33,25,19
46935df03e95fbb17ddace24f94d8086,electronics,1149,59,22,43
b583a2b47a3705840d4a6227096edb4d,fashion_women,512,52,4,26
ac3d5075ea70ac311fe98e6cc7c04140,furniture,17848,26,7,7
8e09d4230f10f05ffc7e7004c0fff9c5,bags_luggage,910,30,39,34
77ba480a5aec451ed3a65a4d4a73c8a4,furniture,10943,41,22,8
5df2c97172d4b7094af8d8556ac3070b,footwear,715,27,37,42
f093236d9ed30d46b2bea3e586e7705b,fashion_women,94,46,28,26
142aee96ee829c30bab0127be462e0e2,grocery_gourmet,693,15,36,43
859e6b06fee7014e57d66f5b6659e677,health_nutrition,478,47,39,21
5e67be69bb697efea6146f245286ff40,kitchen_appliances,3904,39,31,13
dd749778df3a699e98e6e01460431cbf,grocery_gourmet,868,40,3,35
1083fb86bb08634587a85f618224b70e,beauty_personal_care,255,58,30,15
324b20aaced796ca45a295ff6953fd49,musical_instruments,2431,45,12,35
1e1da54523373e527ac7b121e5a42c6a,mobiles,223,59,21,5
b1f7f81f3a28ff09c5a0f856606ef6d9,baby_products,887,58,5,20
0adb92f8e35e03dd4b243df5d8a411df,pet_supplies,1281,23,21,12
2c5966a7423dc02e1361b1cf7007e9f9,automotive,1900,50,3,23
623c237fa32257a99e154562d391cb97,furniture,50,34,37,39
23f05e05ab67e6b8f5574685db4f86c1,musical_instruments,2782,54,8,28
949be55f2653876a46b9622580f27b95,fashion_women,397,20,8,25
f608a8eb25ffcb950bcf6ee588d3ff01,watches,117,10,33,16
31add6bc411c800246e0186e81178078,bags_luggage,968,46,36,9
a5d9e2779bf0f78e9bb27dc4e7710cb5,mobile_accessories,102,9,9,43
90b9500dbeecb1c0bf91d86566baf595,automotive,1145,24,11,8
b57139eb4508ce484769b89b57168b9e,baby_products,739,18,27,8
3804db80d24d8242769975bf239b4cd1,toys_games,1061,56,11,12
dc81ebf118705e6ca9b8c3214ad51be5,electronics,785,51,17,21
ae9a279ceb74c020afd803c7d9f099b4,grocery_gourmet,998,43,6,10
efc81bd5faeee76dfc322f79ffe69b20,beauty_personal_care,320,39,36,31
3b0ee86de6a51b8fc03dfcdd0d0d3c36,laptops,906,46,36,21
c3b6590b90e2d74a1074823334eaca74,baby_products,445,14,26,12
3964dbb4dbb6465df3179e57ead88263,automotive,1972,52,12,36
96a140facea6a365cc8772b778585804,sports_fitness,1737,21,28,16
7f78731c4051085eb3567688e4b7bc64,home_kitchen,1178,11,23,9
bf0b88441d84bd971a9a9242b36d1d7b,watches,172,16,19,18
51e9561c76bc2b2c813af6e7cb718196,sports_fitness,1511,15,11,29
b43e574e7333fb08ad52aec7c15e5155,books,324,57,26,12
3e00a9745bd1bf9e2d281b138553bd9f,toys_games,728,45,9,43
1f6363ff07662f2e88c6b1ef531dd556,fashion_men,480,39,6,18
53820b02efa72b75df3dd63344645369,pet_supplies,1097,49,22,43
dee1ac2b1c2277af2827655da8f87cbd,mobile_accessories,193,13,31,40
d44ed735afdb750adad73353d4d8c9be,musical_instruments,1444,59,31,10
0bd5b7fb91b8e5e0235720028bbcf5e9,beauty_personal_care,342,51,26,9
f1ba1f6641d2540e958def3ca12e3be2,automotive,1455,46,7,31
4db58f99699ee829ad9c57cca5d89d56,mobile_accessories,141,50,35,23
9bc9951e179bb461110d65c4f85b8a4c,home_furnishing,1401,32,33,38
67b929290863724b1e788fcb42aa5e2b,musical_instruments,2666,49,19,20
519b1e766a42b5a809ed001054729894,musical_instruments,2312,17,36,41
89a213c83dba0f9d02fa612f22967785,health_nutrition,1090,41,7,18
0df307e728af883872c72729a0531896,watches,199,33,37,32
247cf86a15a55aa76445829a54d94a0d,jewellery,74,24,12,15
0597a0b9837fdcfc62ab6223e4cb6c94,grocery_gourmet,508,52,22,5
ab14b45fdac069a3dc6b029704aad691,bags_luggage,296,58,18,16
1c80b2231a03d3b0cccd07ac83f526a8,kitchen_appliances,4789,30,8,20
a8cc32319a4795cc92ea07372f1e5b29,health_nutrition,732,31,10,28
0384f55374c3e92943087955d25a3638,fashion_women,371,40,19,16
d1c059143bdea4f678b08ead95ae665b,beauty_personal_care,326,53,26,41
e5ebb36178d0f050176bbabf8902b43a,stationery_office,477,57,26,38
0c4142172f633d7bedaade3887cec2e7,jewellery,68,13,10,34
61cdc35b67fe96ac43533865711b1130,toys_games,722,47,22,22
3a6b505113b95cd60a4a4214bd980cf2,mobiles,172,16,7,41
28746d0572b68ab68cdbdcb094b7f797,health_nutrition,647,14,9,29
68af2f112437f9abcb45be1181fa68bc,books,251,29,35,12
f1f98dc66bc201dca5a6716330a49ea8,furniture,14113,45,28,34
56fa582fbdc90e8804f072b84708b52e,fashion_men,303,36,39,29
894eccd4ee3bcd5fe59fe5ecb9f0a715,toys_games,648,30,34,37
e76d563985c180ba4e8fe23171e506fe,baby_products,705,8,39,30
f25dd5f0ab2f91184be179d88bacb070,toys_games,645,15,6,12
30467fd7743038b354f225504bf6a807,automotive,1724,58,28,12
bc0c2751d5c18770389ceb881c8076cb,fashion_men,371,37,31,5
4a5f1bd11caf0f4bb10dc131f63ce2a8,grocery_gourmet,801,21,23,35
09b028be92af7a9be9dde49dfd3835b3,health_nutrition,712,39,30,32
fe75af68c9f97a3d44ce1acae8f3172b,beauty_personal_care,259,9,6,27
9c5aa10e6f485404ad121f65e52cf87a,beauty_personal_care,310,17,3,31
6d08d18a59a0d42f77da5b6d8e83b5a6,sports_fitness,1707,38,20,26
1d07474adbed968c507b43468b4f6ed5,books,259,44,28,28
13858a711dc24bcd3d0a8c56435e785c,toys_games,955,12,26,30
56e816c28f36d84b6f141cb81e400915,musical_instruments,2459,23,36,32
c7986dd7cf99a1c12bd305900144077f,grocery_gourmet,898,35,14,22
95ca915f60911756984a734fb4891cb4,sports_fitness,1304,34,36,16
2f16aa33e0bc2b4613ded9630c61607a,bags_luggage,402,29,15,11
378e9d44e2329b6ff6838ace70d42d45,kitchen_appliances,1664,13,22,23
1ea1652c324a5aca69631f45aafb13b5,fashion_men,398,15,39,10
9609cff3c31b0085b74ee08bc776f5b0,laptops,1820,47,33,41
4b521720b1d6e2165940852e8f4a096e,kitchen_appliances,6246,42,18,43
4e9202d70989a399e23ffadb023cd164,mobile_accessories,75,40,29,9
90b960ce91d1d0b626bfc019d109b085,home_kitchen,627,26,35,18
53c54fa21a940462c74060c51b5b546a,home_furnishing,653,41,14,8
15b6b1b525bc5bb7b4d67e38e8cdd810,furniture,8601,20,36,21
f5f3afe0d32691d69dc10df475ffae0e,home_furnishing,229,16,33,26
794deab27beef621331efe7bfff969cf,jewellery,72,56,36,6
c808f0409f9bdc5fe275bb7d6ce69c75,stationery_office,132,25,32,15
335d2b053a126d5f2e5361d832e3d117,footwear,792,55,16,16
08a31d593172ca9b74392d62cff066b0,home_kitchen,1274,29,24,18
99117144a47f9f30f1545cec83a689c0,beauty_personal_care,423,29,28,9
53b49e4c05a68c190e7a6f70958a5ac6,bags_luggage,517,31,27,25
6d3de89c00c38ab312e79a86a57880e9,musical_instruments,3844,45,36,29
c2eda91e906041d05d067bf7c0db30d8,kitchen_appliances,3247,42,3,11
d3dec44796472cf5c91be0f6f94226d8,electronics,1047,13,10,44
0f5c5e511d53e1cb67056cdbe6533532,baby_products,418,50,7,14
82ac4642b78b4cc16a7140cff30cf9a1,stationery_office,221,49,12,13
b6d58e8ab00329f688d22b57462554b8,bags_luggage,451,48,8,20
bbc155f4dfa073427bc553125b36042a,bags_luggage,728,12,19,22
0770baaa081107483881bbb6047dea7a,fashion_women,433,53,32,23
216750dcd5c60aa7e9e37c9732481037,pet_supplies,1215,8,10,10
f1014a533e1f9a3bdc41ca0f1602474d,home_furnishing,937,27,23,16
491f1af3a217aaceb2b7523c412f8c5d,footwear,630,16,39,24
1d7b5eb959c3101478958bb8f26d878b,mobiles,258,49,20,8
5c2548b6eedd850186e840efffdd77ac,home_furnishing,1388,12,35,22
dbaef92bca4192d75c1e83073a03982a,watches,136,58,15,44
5def5cca70b237d881a407199e7ed4ad,fashion_women,488,34,10,37
a2e807cf97c13a19665f2213cf47573a,mobiles,225,37,32,42
5d0da2383de4323ad16308cba4ebaa34,electronics,1088,28,21,29
212ff787d91aa5557034d8511c485de8,home_kitchen,1499,25,16,41
ae02ab511f4a6139cdb24c3aae503ced,laptops,2022,45,34,29
306cecd50a69b68c03e2e68c647d5c84,bags_luggage,806,40,5,10
34f23196e2e57cac35aa1d0f6cd640ce,mobiles,167,32,19,11
ba5865c1f8a227f530957f6d4c44b000,watches,221,12,18,42
6e9a6d5f20f0eb652d25839c72f5d42d,musical_instruments,2552,10,36,23
0a623b14c216d926748533af3178a325,laptops,2467,10,20,7
9fff62a22befb3b5cbba9291ef91170d,home_furnishing,1198,48,13,12
ccda2f1d599733d6a8371a9f3f3ca8c0,fashion_men,430,14,16,20
5042c9f038f1c568cb3ab5e540edea6c,footwear,875,55,11,19
03117ee7b628a9add118043906e7c102,health_nutrition,401,49,30,37
d47b5dea24351b63556dcedc60661d2e,toys_games,273,39,39,42
4aee7d75077d472e5858841ee379f38c,pet_supplies,602,44,13,25
2e142f71d72df53edadb0b56540b0c60,grocery_gourmet,1069,51,27,43
8defab38a001a2b747fead4bec5de49e,mobiles,167,18,35,15
479de4bc3e5f7c54b1658b1011c3b20c,home_kitchen,1262,17,39,35
e6a35f96b599d306b65da61f4dd2cf7c,grocery_gourmet,821,13,12,11
0d231c495775e96b935871b30be2e3cb,fashion_women,417,47,37,44
12c3a462a198ff14944a94327de994d9,mobile_accessories,97,41,32,42
a8e87003a884683641e0c1f77385c959,sports_fitness,1151,25,27,35
d1d19108154424dcc23e15bdfd8770d6,fashion_women,327,56,6,12
bc7d0aad20ccd083eaa268b5b806e814,automotive,1421,46,21,10
21dd501ae2892997794b0278f9a301c3,jewellery,75,54,15,41
29fa0eef9edd2643be6b0055e522dd2e,electronics,722,34,6,27
92dff5cda6253e7fe1211c58ae81d2bf,pet_supplies,1024,18,25,8
98d22e7775674081fcca3fd520994d3d,stationery_office,224,35,18,22
9fcdeda74b4e71de9751c6e03ed63bdf,home_furnishing,1514,28,35,29
cc8439360e6d88a8e0e9ef92a3a70413,grocery_gourmet,688,53,34,12
aff79a89c3886c3bf9439384cac6609e,health_nutrition,805,8,38,42
4ae48cb2bd7d03c86483be95b7256979,books,85,57,39,15
793616f9abd5d54d333ff34bc70470e2,mobile_accessories,87,31,4,22
96bc0df72af99e6168478bdc6bb98eea,electronics,898,8,4,9
3cbdffd9727f4788318d69c22863419d,furniture,12489,10,3,20
56d7ee08bb30fd1f6103a6f04e6f8044,sports_fitness,1745,12,28,27
34c3c32c03f584f9752dd556b398fab7,home_kitchen,745,12,23,43
ac96c4c9bc8f217ada6534a2503f7c85,footwear,709,41,5,38
fc3f65744abf791630d0c51a8d5188c8,home_furnishing,1244,25,35,21
6d631edaa00b4512075d0d4fbbee1163,home_kitchen,1243,58,10,26
2d0f510a40822069a6d46ef350c7639a,kitchen_appliances,3287,15,9,13
4cf12ee9b05d606a4d2264c1fb48f1f5,stationery_office,358,56,18,27
ace2e4897e5c43ccc0f7f931135d96f5,health_nutrition,725,48,32,25
56a89dfcafcccb84a7fbde192b445f4d,health_nutrition,509,46,34,11
6f19dd4d5c2637fbac73180f9615cb14,mobile_accessories,102,34,39,39
babe72d55b1755edfe86c74192298518,mobile_accessories,108,13,30,25
a10da9f2e96991ce28801bba6a99a9c7,home_furnishing,1520,26,3,39
434e7ef23200e2a8c16dac19586855c8,fashion_women,408,45,22,39
bd6ed81585ee8a16d3aec77b0c5f9e5f,fashion_men,418,30,24,28
24713291ec742456c1ba3ed8569a45fb,home_kitchen,556,22,33,9
150710f7b50cf878e3f1228797dfb50c,baby_products,533,47,21,25
aee738e1865c624248725c3f15dc15d8,bags_luggage,661,38,35,8
1c2f0efb07f042e4a062f605464b67ed,fashion_men,507,33,11,28
784a066c67f2e424ef587626a07726b0,fashion_men,552,9,27,7
e2b8c6ce7f61ff669c8aed99de0d48bc,pet_supplies,1122,24,6,33
7205066c3eaf0ad3d65b9c4af899e142,books,372,29,3,35
0ccf587a9d28168069858e505808c953,pet_supplies,1032,29,22,17
836d8a4dfd13b7744b7c5cb131cc654a,baby_products,460,21,17,41
2b9029afa15ff25610e2f8300ad2b345,pet_supplies,569,57,37,24
f1b8b4d1f0b7664ca19335a66d81f593,electronics,869,18,21,10
08bb3ab1992eac99fcd3c0fe6e69b5eb,sports_fitness,729,58,3,40
4312c152a90ffd63af2cbf5d8fea4fa8,beauty_personal_care,286,56,31,42
ac40157d3bf528f78b510bb798786377,stationery_office,189,33,30,13
896c1551a08876c7b16858d485b241f8,home_furnishing,1135,55,13,39
fb71fd8b43c62ecab4b5f7e1c7de9b14,baby_products,540,22,25,26
f0bf8325fdd46f319d66bb3a7f7f7d4b,jewellery,86,40,35,42
7877f5004ad6abaf5bb4679bac60e3ab,furniture,9762,36,5,33
d339ddc8f8641c23f9869453f2730873,home_furnishing,1403,22,27,8
c8ae30444e55fc6b8283e576d1359bb0,sports_fitness,1684,22,17,23
fead7b389b76cd42256cf54837dade3c,laptops,912,55,4,25
69e193d37aeec298a398c1cdc4513415,baby_products,682,36,33,16
16f50ab5ba0a3aab856c66c9df657e70,footwear,816,20,29,42
133354be7ee44d895731b4ce391e4fcd,electronics,1293,11,37,22
809f0ed82b28542ee97cc5b7f90abf35,footwear,718,30,23,42
6e5dbc79e934ade6fdb64a2027beb0bd,footwear,629,40,33,6
7ad0144e341540434227cd0cbaad81b8,watches,144,12,29,34
e16d79d43f510a755f9e20322056069e,fashion_women,436,19,32,37
12afeff99f9d61c9d9ee4ec2ac16750b,bags_luggage,707,24,35,31
ec0e51e62f61769c2d844ea63aa2a556,jewellery,64,28,24,28
ec8ab6e1644f22846480543f1f031f5d,mobiles,244,59,8,12
7eaa7338f29fe8f08dbd30cd9d43df98,books,342,15,9,11
9b761dc5f0b7bad823e95059c8beb841,fashion_women,347,43,21,32
95b8a0e96c1d575d9908680af73b7dc9,stationery_office,407,14,29,28
66903d395455043cc8a7e4b3dc96ffff,books,402,30,26,26
af45da1611f8faa85ba74d5524ee95e5,grocery_gourmet,840,58,6,14
a7cd63e61e7bc11aa7ec0e0ccebbf069,laptops,1983,44,31,13
6fea461033effe5517a3712c2b1491f8,furniture,15658,51,39,15
5bcb6fb586470e25d56be59efc9f87bf,books,289,23,5,21
fdf742cfb7297fa1810f1d96a593f2d9,stationery_office,290,40,3,39
10d820402e7f2ffa19109b362adb4ece,laptops,1629,12,23,21
264655f7c0148d40b940d8a69d1c91d5,fashion_women,401,24,5,5
4458b04c4bafd986234411cd8a4c3fa7,automotive,1364,22,6,39
6096efce280dcb4741ddfe817b6be6d0,kitchen_appliances,3089,55,24,10
a3c8b939dd46c871b9e3dd86b128f1ce,fashion_men,370,44,27,10
35f05fc09687606d5ea838f460b0d59d,fashion_women,299,22,36,25
5583599edbd85d1aa78f6c3a5ed9ab17,sports_fitness,1309,54,18,15
940b41040acaf5f3d5622948ef6cdfb9,mobile_accessories,163,53,12,12
898f128677c2352c80f30ad06d2f0599,grocery_gourmet,733,58,34,12
7626b5c0e56efcc7fe8dd6d1b1054599,automotive,1319,21,34,6
8d9b7929646fcd72c52604bc22a8d2d5,fashion_women,501,32,7,20
dd574586f795ff0c00178bfdb04922a2,home_kitchen,509,45,6,20
04dce78e9809177988e8986e773beea5,footwear,388,57,20,30
90e935a01ae85a4aa82c3b64b9fc9729,home_furnishing,1304,42,21,17
a8d6c15071c264f94911184002283edd,books,279,48,13,31
a399fb705075b0e8156b5592c163cdc4,grocery_gourmet,647,31,14,6
64a64e632f9a9e106ff2335b9ce2bea0,automotive,1223,19,5,42
e57fc33ba9b5a461d9f3de0af6ea9355,bags_luggage,1135,29,9,33
467dfc1861eecc3f4df06162b1b23f2e,health_nutrition,638,42,13,24
935686141cf4b2230a9f65a7b190071f,pet_supplies,816,17,35,38
5237bc08aa0a29b61b35e0764abd2fee,books,354,14,34,8
74ef37629c765c61f2d8bc0c4902241b,electronics,801,23,23,8
116f07d7a4d39d386fea9e12d7e63abf,toys_games,795,56,12,34
93da93ffc61e3959eec48562b9cdaea9,bags_luggage,900,37,7,31
5f29d01b77c2a334e8ca76dfaf2bbcc1,beauty_personal_care,391,56,35,44
8cd91e25087db9a7eb34e0f45982e438,sports_fitness,2327,17,25,20
282a3537cfcf95ee4beffaf5d508cd85,baby_products,917,37,13,25
dd00bd7a9df348381259540e63df1191,automotive,1314,53,19,27
999ea7263bbb526ac64205f048e9c9ea,mobiles,215,32,33,36
172441764bbb524f4b23ddf9b33be5e2,mobile_accessories,173,19,19,15
27928a9a46ed0cbe71038b7026690dae,books,428,31,30,43
de8ee98ddca70f2f05c1b411d9f80c16,laptops,1591,13,26,23
75f0a8cc7fbf4bddac3a638308090f92,bags_luggage,821,22,5,11
1ad030ebbb5f1df7140f1bb701603284,furniture,18374,24,18,22
7cd0217396ec64970d4aa5bfbe8442ff,grocery_gourmet,711,43,26,17
02ecd2a9a2ad44b7ff4f8c0620ed2a5c,toys_games,564,30,27,31
5fdf96478764ead3077669410f78a54b,books,472,12,30,34
6b8e32a7985c6b861ce05668a426ea3c,mobile_accessories,66,52,3,13
8ca8a8e57189a3fe531696103ee63cef,pet_supplies,616,59,16,22
c859fbd2c57fb5df2d24af700e3eb166,health_nutrition,788,25,27,36
7640d79c5bbf80ba5c1623ef62a9c242,watches,121,33,21,33
973e73f73f06d7634543eaa94de4f5cd,beauty_personal_care,287,13,18,41
c8166ca7afc1700e27adb3e0d70cac0c,health_nutrition,498,23,32,35
c324b089d35f3ca9cfc01d406a114cc6,bags_luggage,1166,16,19,36
1dc002991adb2f6251d29327b696b7ac,home_kitchen,1657,37,9,17
2826af1950ae29e789f8661d31a29819,home_kitchen,777,9,17,17
3a988f3411b59cd488da73d86bedec94,electronics,539,35,8,34
bf2b85cbc17e1f6cbd4b16ff02ff3c0d,grocery_gourmet,892,37,18,40
2482d49cfebf5262cbe2cb5a025c3ccb,mobiles,171,41,17,28
87b695c4702cbe8aa97b27dfc484222d,pet_supplies,861,23,7,23
2916aa133ede723b1e6b96186fa9fdd8,baby_products,808,44,3,34
74508f833708d36e04d02d7febd47118,furniture,17278,58,21,10
028701a6ba4a2cf903cb73249ae9e240,health_nutrition,790,21,34,30
7275f6c6f893e6cb5d7c16480a024703,beauty_personal_care,316,13,21,42
89c61cb80209aa417b250fcf0faf4d56,bags_luggage,1469,59,10,20
14121cfa554b03dc4b3c8211c38779bf,automotive,1589,33,33,12
ac94fcb7c47ada4e3a5af7eae97a98c9,home_kitchen,1110,22,24,37
2c810244881960cf631cd2b50acc1383,fashion_men,442,11,34,8
c6edf2e369e904828e2e4a4549187082,fashion_men,458,11,32,27
f21ecc7b8d85da2a014ba292202d0fd0,health_nutrition,503,39,3,34
bb1c0de1ae65f0b6da47547dfa4171d9,grocery_gourmet,949,34,11,42
7e6c41ee6d08d0d06cfcdbca196912c9,kitchen_appliances,4644,44,3,32
0f043f7dccc3c6c7c96bf6610485c7f1,mobile_accessories,163,55,32,28
322332e2e836fc9a47af1cb8f4a4f3d3,watches,178,22,17,31
6f2dd493f4ac24cdf915debc3d092e45,books,265,29,7,24
d5ddf1260d87d390ea4616009e12cdba,home_furnishing,751,59,36,19
a75e1aaf3ccd7c1a452a504fce28d487,electronics,762,28,14,18
781dc4b9741fba00bb76288e4e6f843d,furniture,10672,59,14,30
a8a2be659ccd827c8d13fa322cf7924e,home_kitchen,1903,20,21,41
767e7f693a2666c5aac36249eee92ca3,fashion_women,430,32,30,37
b4cf935c6d807d44507d631cc7365f04,books,404,58,29,40
d7a5145826df3441697295c0d50ae284,laptops,1651,12,7,16
d23a670ec28321c39de6ae651050769a,toys_games,464,22,33,12
a63b2820fc114a0e60125f1aefe46d77,mobiles,196,52,4,39
88015de2ecbea2f536b874cd4d8f6fe7,kitchen_appliances,4207,12,10,8
426cb9c49d9b0dbec8d8ef6b4c17a848,toys_games,688,37,35,18
a3eb20a1f1baac0506caed2d2e75d474,fashion_men,371,40,39,40
92ba00a27738db5f74ed28c50d5f04ad,beauty_personal_care,184,16,10,40
34ee904239231212e6aadb45128962ec,fashion_women,502,25,12,28
065ddb3af24961bcd65e67af7e5893f8,books,322,32,33,38
d52851ecb43385dde554584fb372236e,electronics,789,40,27,21
fff8467ddc6499a9d6b90025852b7bd8,electronics,238,25,11,24
c77db1a42c2831344097c80c281d7702,musical_instruments,611,12,8,21
7049515ca9c8bd4e56f49326eb0afd6f,footwear,385,14,20,26
f5cbf80506dbe39fb65f177124c76f43,furniture,13632,37,7,36
48f4217517d32a712b0d9dd756da0fa6,mobiles,98,9,3,20
2913f13b646e0dd3dceec854c36e183a,laptops,2380,52,24,43
1b79e4b97d7bc6ccfb93bc01166e6ff0,pet_supplies,941,39,18,11
911049a14c12d9682a6e31c15c134f8d,footwear,750,42,6,36
cfa975f44a4e8e02fedeed885f4bd0b5,fashion_women,426,32,32,27
018692082c443cdf16e36b599fe11d05,home_kitchen,956,12,18,28
654ce5623f99fad7956e86f5c7532626,fashion_men,416,54,11,22
9bc6d76340c993d732d56c058445ba8a,kitchen_appliances,4448,22,15,15
077ddc8abdc3c25e5c85b451199bf6f0,pet_supplies,1157,41,27,34
4c67bb5b6b7ec39ce5a64ac18c57e509,bags_luggage,909,34,23,32
dcae20d4fe9918c49c6c7331fcafb12e,mobiles,234,23,21,6
89ed1c910dbe5bec73a630e4f5db9c2a,electronics,824,55,34,28
a1c9139a4d27d77cee919bb0d7a9c785,grocery_gourmet,1153,48,5,37
69f977921edf5390add2ae04d2fd8588,stationery_office,491,30,17,23
2d215426c64f6570b8cfed8a7d277cb6,fashion_women,520,34,32,43
db413fd994c3d227be6ad195f5908ac9,stationery_office,296,39,3,34
0640eb531d60960935c311edad9093d7,mobiles,113,22,35,30
e8d77bb541c9f4bfd4fde74cdc509fcb,baby_products,463,40,8,5
d4d887fe4a8f034cb94e0f795d7386d9,bags_luggage,698,42,16,38
9a868b38c9b6efb0fa3f60077a51f2f7,books,396,10,20,42
78b20a1213731f0506978c6ac1ac5fca,toys_games,300,53,5,30
c42561359fc1909f6ead92563b9231fd,fashion_men,313,10,33,14
763e0b794c286b711ce20f05987f9747,pet_supplies,1040,46,4,31
caac8b043eff36e13db1417ac3ae6053,automotive,1547,25,26,12
9d0a0a3fb4ece9b3af0170a475fdf354,automotive,2038,53,39,12
85ffc948ecdb1af27ee30c0f5c83ae86,automotive,883,49,17,12
f1976cf797d3dd517ef92b0f670e8ad2,mobile_accessories,169,16,32,27
caa26ae7ab4cfe0f44fbd360a8850018,sports_fitness,1126,42,16,24
443e4ee65b0833d63e32a3d08441cb52,books,108,34,32,29
05bdf5b6abb4322dc1cdc625eac14f96,mobile_accessories,58,10,25,27
9cc6a8f7d4f82b41ddddee77c00ab8fc,automotive,688,58,17,33
2c59d76caee612d2cc8459afbefca0e3,home_kitchen,929,40,25,39
5d86bd55cfeb65d59e93e4d244c3c7e2,beauty_personal_care,237,59,37,20
2431d2e7e0cc8556a243c0d361bd64ac,mobile_accessories,138,24,38,14
a90d2217110430e85a3ea0b8ed749aaf,pet_supplies,1032,17,37,19
0cf27211718b45ffa610fbf7589c93dd,home_kitchen,1816,22,37,25
0f38455641fe281291c912be6a236d80,books,339,11,27,8
fa3abe40c8d089464fc0aaace1a103e0,books,297,18,31,12
ef7bf093bf73efefc6f3959058d50d91,laptops,2195,39,25,21
5cf27a5c0c4ce20ea285d241afffbf58,stationery_office,432,15,20,29
19dbe39efe804630085158822f7a7e87,mobiles,134,44,26,42
4b89c28263711efcd42301305bf4df57,home_furnishing,649,59,16,23
6403055e3ab6e5bbf3b758a9b3f9bfd4,home_kitchen,918,51,37,5
2ef6bd871e4586d4c0ba16079b624726,grocery_gourmet,1067,9,15,14
2281ed9bcf2ec93c9dc93a4b2db12839,kitchen_appliances,1869,48,16,7
fadc5b237a7d1a4c4bb2a3ea5b7afb0b,baby_products,1131,19,17,12
ba9f6ffecbd1148a5a6029c54797adbd,toys_games,750,19,17,34
8866c20fb5f9c442ef7cc2deaee4cba3,grocery_gourmet,832,58,14,32
f5bf365f248dab8bb3e9316e15316319,musical_instruments,1782,36,39,14
9955b3ef2320623dd424fcdc20ecd13d,health_nutrition,472,33,22,29
29dfd89a51131a7df5d826e29bddbaa0,baby_products,868,49,13,25
43ec419802dc264d52ab98dd833e8b20,automotive,1948,24,17,16
34019f81b584eb440b8b6575abad490a,footwear,781,40,9,5
058503b14888a8bf4f0db7b21e0506b3,fashion_women,509,15,9,21
5f8891093670b0ab41fd3a5429d8269e,furniture,13219,34,13,16
485daba43cb4354ce6976822d54f901d,bags_luggage,866,58,36,7
dd6d4a72d21159997cc90102bb0f8abb,mobiles,283,40,21,31
9f92bb3fed7393cf03c508b37ef1fdb9,laptops,1703,13,23,31
eb882a3514379ea8115e91adaa860bd3,home_kitchen,703,13,23,18
f2de669130bb03c396555c764712e5f1,grocery_gourmet,1467,49,16,42
82a279b5cb548c01768e37caee1d8c25,beauty_personal_care,336,56,19,29
feb4e91001976a9492fb677ebad0ab66,books,287,20,14,38
3538606ac85c2b570554f9ea92d5f3be,fashion_women,641,21,11,5
9583dccacf7c1f890d0940bf24dfc786,beauty_personal_care,185,48,39,11
a0dd1de849fec10c579adcca79861776,pet_supplies,1019,17,22,32
d014d9521048a79b3ffe76ea7e99b347,beauty_personal_care,252,46,5,7
19c1a37a6bf22d3d48606dd1fdf2f48c,watches,186,25,32,19
2da4e14a3c2076e9df7ab939ae9bca1d,mobile_accessories,67,23,28,37
85cee241c205224fbe3d3a42562ce20e,watches,134,42,15,43
c90092fc8e514c536a72a8f54d19e1b1,baby_products,482,23,29,31
9838f2cc92809451de86e4a7913b0466,electronics,698,21,23,15
c6842d5d15ac7cef0cd201dc8951da58,footwear,796,19,36,20
1e23ec001518208a028e7df5bb2002ef,fashion_women,357,41,38,44
98896e796de12d822d565bdc23388f2b,health_nutrition,637,31,10,12
0b543d460a16a1249083c996adff1de6,automotive,1227,59,29,17
cbd11e50e5feb8e20651bb822d644340,stationery_office,284,47,25,44
a67ba4f55c9a8a9ffa24dd8bec9aa12a,watches,145,48,34,13
05d2758dd336433b948bcc6b6186b0eb,toys_games,529,46,19,6
f2a6c1fe4a22da661aa3fe516c7a6135,automotive,1982,40,38,10
edc98d3598e52c8607a682f7a27ddbd9,stationery_office,636,34,33,9
cdfa2a4a394c3cd52dda98786f067aa9,grocery_gourmet,1119,12,32,43
7fc9404171203ed079474c7756b890c7,electronics,1016,29,13,17
4e4e903f86ecb1f68ff6f36b1025e5a7,watches,50,16,31,13
5234018968fb0f998ac6b74139bfd9e7,fashion_women,561,54,18,17
249c6335cc5b8e5ccb3e436ec6b92d7e,furniture,9461,37,34,32
8279d8398d30f0dbf644a39d13949dfa,kitchen_appliances,6300,52,37,13
e88cef593f37d86bff2e0492b0bffc96,mobiles,119,9,30,17
6c5d322ccdee74d6e9b4abfef504cd84,jewellery,97,45,15,44
139ee560e8ac8f67984ccd0f5b019b10,laptops,1592,30,25,34
131ad15f3d4f49360b3aac4b7f89d854,pet_supplies,962,10,21,10
ffbae12d8336d26609fb5d090599b5c6,bags_luggage,842,53,37,15
814bb5b18e28b42a1c88e82921608812,automotive,1082,45,12,32
18bf4a2f369e7896b6bf5713a7071302,books,371,51,35,7
fce52592ae1f4dee49ca0778045c8a41,toys_games,878,36,35,34
6ae3d8d42df769d5290b01d627df2861,furniture,12084,14,22,14
401d600a12acb4ffb2312ee5133a5380,kitchen_appliances,2945,12,10,38
5af6e9c81f207ef61dbfdc0ef5660878,beauty_personal_care,202,50,30,15
5e6b92dcb016d9b680d82e1c63894a10,watches,191,21,13,18
8e544153fd67e971e90ca81f76485245,fashion_men,415,44,15,9
64232783d2990dcbe22934916fb44d88,sports_fitness,1599,45,34,16
f245eabd388dd7a3b643db393747fa40,beauty_personal_care,109,12,22,37
abeda51d55b1e81dd2615cd4b96e39ae,mobiles,166,30,29,20
db7037a436ae38710f902f171983c26a,laptops,1578,48,4,24
9b8a5f2782bbc4f63dee1d67c259461e,grocery_gourmet,515,25,27,40
c59386483f6dd2a40f4f75734aa06c0f,sports_fitness,1613,28,28,8
bf9c9d5ca7c656af8800f98799c3448f,stationery_office,516,47,15,15
50ce2ca992ad16bac3a5796d98f335c0,mobile_accessories,124,25,13,19
e8d2d4e7eda6cd215ce176badc685246,footwear,813,55,18,23
f377ab1b3ff19c401df709ee4baba79b,watches,159,37,28,32
436f5a7503d6234257376c8867b61084,home_furnishing,767,25,19,7
239553685f7e2f71486c3fb9a55ced95,beauty_personal_care,223,20,22,38
9d8d5607beb0f25922b2f00f727ec9ec,books,348,11,26,36
5a13765269d30af73af1ed3f351bd359,bags_luggage,638,40,39,7
e20333698dd90cea67d80b170b4004cb,mobiles,232,19,31,38
f34516a851aee239034ee1d7134b1490,jewellery,73,28,22,9
ce5a0581e2daab60df871b6b58290acd,fashion_women,387,13,15,21
4f6a4af8ea96d7e4545fbd553f6b569f,mobile_accessories,140,48,10,26
3ce59aff6c5750a18d219d0046ffa3b8,sports_fitness,919,32,5,16
cbde46921108bd7e44a25609b71b7d78,kitchen_appliances,1196,28,38,32
081247ca651f2e909e6fdf44d02a80d1,baby_products,881,18,39,7
80b5c172981ebea5813db303060fdc24,baby_products,639,43,22,42
b9965533ecc2f12351ca076d2a4c786a,beauty_personal_care,100,18,30,17
209ea114ed44baa8eebcab7b75ad1f64,pet_supplies,963,45,33,18
fbbf313ed203ba61c784cc29e2273ce5,home_kitchen,1362,48,24,27
13e3b983f0e543de600b22db2ffcc479,footwear,935,31,3,28
e504d7654475e1b713ea46626a85bc73,mobile_accessories,75,38,21,18
d078eb680f4e679a6cddd90d665f4646,home_furnishing,745,8,12,33
e4c642ae91775e7f0c7c36b1ef6f7da4,furniture,12762,26,10,35
cc221c558a61187106ecb511112367c2,pet_supplies,1288,48,29,14
4dd28e7171366f444389af887de34b03,watches,193,58,11,25
85c1546a9a5c0cea41941e62e3b36c5c,automotive,2442,20,25,21
0a0733736ffc884037765b38d2e9de79,home_furnishing,1052,53,33,22
0f4472a9cbb6d63ffd9e42368edbb5bb,toys_games,576,54,21,8
bc620d8039378a4e7d96cad8e574dffd,kitchen_appliances,3275,48,33,33
be1a12d920e5b6469651d9f9facea35c,stationery_office,331,30,12,43
391d39145e5bd3892d1da4f46873da00,baby_products,716,48,37,25
04201902731f0f017ddc2fd7aeaed83b,stationery_office,506,24,33,13
9d84df7ec202e814a583acf142c893c2,footwear,388,49,31,32
e68adb910a6d2fdf46534434675aca69,sports_fitness,1772,56,6,17
c01166f8588b3a845019f24d0ec3dc9c,mobile_accessories,104,33,25,18
c34582ef3c1e4a188365a8fe38e54578,toys_games,276,32,6,11
7b76d516138b99f5431cf591e4d03735,books,133,48,6,22
5fb5d52eafe3841505d88487aa81d347,automotive,1462,11,6,44
c88c425159cd448ccc4360f52f6055de,baby_products,726,30,19,14
c9bee91a7f8bd45a6a7c9438f3534558,musical_instruments,1145,14,21,21
3f3afbe6d428d357918eaca5707e46d7,bags_luggage,1241,30,12,19
f033e6457098247803612fd0ea28d554,home_kitchen,961,21,12,41
f96628ab54984c2d75853eeb37682720,musical_instruments,2107,12,39,25
2c7e7eb0ee0661f98d368124db49867c,mobiles,218,41,10,33
5122f3f2baf37b123789894ea94907e8,health_nutrition,521,46,30,18
29a23122f0b03ef4aded0cbf149db73c,bags_luggage,972,33,7,13
2b42ff34fdf7e950406697874692e2f5,grocery_gourmet,931,41,12,37
4e8af1ca60ee0804b8e4d2967f330653,musical_instruments,1719,29,30,6
1084b187a92b1b6e28b8c196e82738c5,sports_fitness,1110,16,16,33
b73edd3c01fd245e6563e60b6915a256,furniture,3175,11,26,10
937823fdcef1b9ba91f21bad421f6cd9,sports_fitness,1066,29,28,30
45b6b991d647e017f6357fa805007924,bags_luggage,807,26,35,33
538cf33174b8e6a884118aec04a97850,laptops,2109,46,3,6
8c89d74c869b1eab035c1e50dc32872c,watches,82,57,26,34
c241043b2b72d4cd052ff89c03774852,home_furnishing,925,56,27,13
8c9f1dff25aacc557d0ab7af196cca2d,books,304,33,22,20
dece79f0bef21b36f352406e2d773099,musical_instruments,3014,33,17,33
87915585681ae49472dd34c652fd0bd3,toys_games,691,37,30,16
4ce3e056a2075aa1b7a8c4913557876d,electronics,914,42,10,28
01199081d85dadcdc335f0adb0593f04,grocery_gourmet,916,33,34,9
9f1e6b10adb7a8b3ae2c2188e95a0e8b,fashion_women,455,20,32,27
cdcdbcd829748c3897783e4126ab32a3,health_nutrition,723,52,10,44
57490bc8189195fc0d13dfed4fc6b458,mobile_accessories,163,22,13,11
f267832d130c75a39286fd2f43c57a70,stationery_office,403,41,12,22
0ee63c4d6acf76641b47b4e28124a24e,beauty_personal_care,178,23,15,28
eefe32da3b7d9c3a266f794c54554f3c,automotive,1170,20,39,29
c47488bf5d4c35c6609ef80854b3e352,books,226,27,25,42
4c76e4ef1f48928742af782dccc8a836,bags_luggage,695,27,22,29
4e8f1977734864363abab36f79d04a96,footwear,658,50,18,19
9ebe4d7749fa2f956b18780ef4f15881,laptops,1543,38,12,10
d2fb090efda274b1577238869d1d14a3,health_nutrition,956,15,33,5
f06cc3559dcf3933bfa56bad21f4340e,mobiles,187,16,16,41
5fffbb7b754d094504aef65a4833666e,automotive,611,28,3,37
a54c69758e0953350853402079a97e7b,jewellery,83,57,28,17
c096884816ca6509aa6c65dbbbd4247a,kitchen_appliances,3528,49,26,23
969bc6165fbcfc59a3a16a1e49f887f5,mobile_accessories,86,41,11,28
55c8cb7b1d676fe0a4ae86577d7a7cf3,baby_products,671,56,26,23
8f5401ef8c11a9a87ea41f6bc2f3d1f8,furniture,13855,34,30,38
fa899192e04d8430a02c0912a0d54a88,pet_supplies,802,57,13,33
f6d16f3fdf0c41be94b4a78c3d097b7b,toys_games,653,29,7,25
a9682a48ae19b8362d157a3347cb60a7,toys_games,560,12,10,27
f515bac8ff30a1f80a0b45ad0f77f085,fashion_men,349,13,35,35
553aa1b02635843f8ca277e0b65d5f0a,fashion_women,533,23,11,17
ddd8d2e72ab6a81a23d728f26d26f8c6,grocery_gourmet,979,38,32,27
e2da746bd1e7397cf5bf504bc3b46a35,bags_luggage,949,48,18,25
18153f5049102edce217f94039aea26f,fashion_women,334,14,38,35
da0677af4d3bb6cbd5e9e14d00dfb0cf,watches,106,43,35,18
7b1ecf2c7b68c9b73644131c44a0faf8,toys_games,924,36,7,42
91bc8d199b469be556efb8c2c1b91c20,mobile_accessories,75,33,20,12
57fb56c6f022005843e883fb709249f4,home_furnishing,757,21,15,14
90df9bed1962d3a787c694e54d7a9871,electronics,941,51,10,6
a3f8100f29f2b3dcad7d390c87528ea3,furniture,21746,25,3,14
77746c8ab0dedd5e9a8e43bdf2797045,jewellery,63,47,24,26
24aa4dee5ae4e1d986d135eb81a6c5d8,jewellery,67,29,4,20
963faad37a1a16ebcd4325eba0dad7c8,electronics,1109,16,20,11
f9fe35cc69054d2fda6ba82c974e7363,toys_games,706,23,15,23
4ac8a65dcc0dfd530542414ca8260442,health_nutrition,444,30,5,28
16736791692773cb68a97fcff670e81f,books,406,25,19,42
68e98c8a9d58ad7ab82bb7cc2a859add,furniture,14192,32,31,8
1a1dd5541efef9c95b457d985ba67244,musical_instruments,2228,37,5,8
f1418e8fd99e19091dcadc0d5ed8f369,toys_games,478,44,5,6
f28a56f570feef97b2d4ecab39e1d0da,sports_fitness,1483,28,12,33
042eb77230a93c872d50764799520c44,home_furnishing,1324,54,34,17
624ef0eabf69d5b0723cc521ac10d366,books,482,19,39,18
4abcbdc531ba42d3a108b7a83ddd1206,footwear,561,50,13,5
06b6ec5f244e446b85a7a32e7891126c,automotive,1825,27,12,38
0d0e265ee43e6996e9b31950a8f1cd5b,home_furnishing,1448,27,35,34
715c6ddec8ebf466d979e03039ed21bc,toys_games,659,46,32,21
22ee3b433e2dd92b371f8fc35acf053d,mobiles,372,14,7,18
8c28ca01810b361ad38036bef4b4f641,fashion_men,282,32,28,25
4568f664554b618126a6f44610af6c30,fashion_men,357,13,26,27
6a8bf711bef7d5124f3a34eab2e111ff,home_furnishing,1440,37,9,7
4822d9a34d6388741bb78dcf0f5be0d4,electronics,392,57,19,28
42b13a71224d20bd4813cf18ee685a2a,watches,172,12,15,21
40099dd84aaa2483bdf3b3d0c2315f91,health_nutrition,394,19,19,21
9d6de31dc0f7672812ff6388bc4aa51c,baby_products,711,48,32,12
b3bf70d826e56243cdb301b2452ce242,electronics,676,58,34,21
d2bc38c64fd70f4788604584aff9a040,grocery_gourmet,810,29,12,34
3d5611e0a40ffc8b15bab585c67d5d4b,sports_fitness,1770,28,16,6
449fd92e08858ac58e64a30d01db680d,baby_products,615,56,15,32
f4dbcea7fa1d1b9fbd85ea5339f6bec5,home_kitchen,1000,44,14,31
47c7310fec52ea6f01ae2be80243bf51,toys_games,668,54,33,24
cdeaddc8d328974d36e54b3b7e3fea53,beauty_personal_care,178,18,30,41
0d46514a0b840b1e43eeeae8d05fc194,fashion_men,215,13,7,13
6c2f37f6820f9c9fb26680e44a31c263,mobile_accessories,156,25,15,11
bb7b1d30ef1fb3f4902239d3c7c653e9,watches,97,52,39,41
518157ec168a414c2c07ad8b9a607bbb,beauty_personal_care,271,28,4,27
aa8933e112e0c61d77c3afee071600c2,mobile_accessories,115,59,18,29
5e273e79466359bc9d336b4897034c5b,automotive,2163,9,20,29
b74e15331b320f636d481c4f88200896,furniture,11736,10,21,36
8eee176fdd93bc47e4d5f26241d59e92,fashion_women,447,57,31,43
6523e2caba6a3be351e4de43cedfe071,mobile_accessories,78,49,11,37
017591b6c2f6463425c858bcc1fedb8e,furniture,19003,38,10,33
754c3f23a1f220a7c873072911eaa686,mobiles,202,15,12,14
c189634f858c0c06add1d9aca1fc55ab,beauty_personal_care,329,55,30,30
c5d0cc4502ea7109bc8aa6e12f49dc6a,kitchen_appliances,3565,55,16,43
a0afcfda0cf8156a31b2e5bd3012aed8,kitchen_appliances,3342,36,5,42
87e1caae9418d8dc23bb8410fb2269c6,baby_products,909,25,25,41
e277d8b74dc0d9d17c5d76a2086f0338,fashion_women,347,15,10,5
ae3b449bd4645eb715a58efe9814d1bf,fashion_men,265,51,23,14
d4ec57d77ddb2fc7a9d9301aabe876cb,fashion_women,498,12,31,15
c0229cb40647ca296ebf0c30ead6c541,electronics,873,55,6,25
ce772996d4ad9fc830db5fe1d6a3b825,baby_products,614,33,8,39
c5cd30fba3e6bb1f15a05096e38c1dfa,books,428,17,12,7
f929836ac11cc1f7364feba19b2f3456,kitchen_appliances,4095,14,26,35
478b35e072283302e04ca4c3f57bf365,fashion_women,353,32,15,40
48222bb7f3a79f06033db4e731afb724,musical_instruments,2216,17,17,18
aa2c239b42865f39f4f884ec3e1ed7d6,toys_games,463,40,4,15
f7762cd602b213607e0d8a2e39c51a02,furniture,15627,32,11,26
953bed335f5d0aa33ed93a575aca1412,stationery_office,334,55,23,6
e436d2ff1c0ae4e460b61570db7fcf3e,beauty_personal_care,384,15,34,21
f239ff71f29cdc3c2f7f9f127daba465,footwear,856,51,8,23
9cfadf292996811bca14bffb4d60ec05,musical_instruments,2576,59,36,23
5fdc2dd452fd13eaa07ba26e6a6f15dd,toys_games,815,50,27,12
ca48d18156fc93eae3762dd4f43d38ad,kitchen_appliances,4353,22,10,7
b400f492a142550321472748a3e222f9,stationery_office,373,40,30,16
1216e0ebd07c71b5fc6b957e64a84c6a,pet_supplies,1178,28,36,36
66cb416b57c883bb7a8e2b44a3dc2b91,beauty_personal_care,291,10,16,34
f7286ba0093bf3ab567d7b2a3482f8d2,fashion_men,311,40,6,27
df67f96e25b3a9efddab89718692f1cb,home_furnishing,615,17,26,30
4c48871c519958e5cdb3e80639e84791,sports_fitness,1932,24,7,26
a74e84bff687a3565d81ecf4b3c470ab,kitchen_appliances,3055,38,24,43
1fc4fce66bed648e91e7f3b429e7630e,mobile_accessories,191,14,3,34
2fdcd5105af96c93b9cc275f7098db6a,automotive,1584,12,35,20
9f7b479db0439c5e23ff05fff53a76b9,stationery_office,338,32,30,18
b689a39a0b8c96e2298b220667c67732,jewellery,108,54,38,23
e2be2fd4154c7ecb940569959b906a2b,watches,192,37,20,43
4aaac84bc9f991930fac9515fc0524d9,furniture,11775,17,34,25
066d7c54e01ee5e78c96bc88dd3df64e,toys_games,590,57,6,10
f341950ab12ca2d1c12783a9b855f8e0,fashion_men,462,20,8,40
c0f7c7374d023b2c68053a3cd14a7d62,bags_luggage,621,30,19,10
d4895260cb48b8c6094438f48a9ac403,footwear,861,43,29,27
82aab588022c32a0063e403d8d01266a,mobiles,211,26,24,38
590c6dbb9bc47b84918a4910e40a1a6b,home_kitchen,1420,44,13,13
d4916453aa0205321100811aed5e3459,musical_instruments,2700,34,22,19
98bb57dc58c96ddcfb11f927d9fd679c,mobile_accessories,123,58,12,13
e1b2babcb7e72d7a734ff808a0d9bfb4,sports_fitness,1584,16,24,8
2e0d712aece9082ff39fd048da7a5e15,books,309,12,5,36
4a4ba7efb402718cd5deb0d082ccf102,pet_supplies,1241,57,33,5
5e3c7d308688f1258fab5412732391b7,automotive,1166,28,31,19
c64fa92a5273d0e65e785dbfcb0d0749,health_nutrition,609,21,19,39
0020024540b2f361026e258a126757ae,grocery_gourmet,605,23,24,19
9c46c5724b170dce629dd8c45a409d42,automotive,1174,38,31,23
d866696597d07fd30431c2b9e7d101f9,automotive,1843,23,7,21
3290d418987c84162ace678107096d39,jewellery,66,44,38,5
c05380bd44bee4b97b68d571116b6509,furniture,11760,53,32,31
dd49e459d7a1b54862c552654dd232d8,watches,240,46,27,44
2c0f3cbd92f080ae5b66c503915605a4,sports_fitness,2148,30,27,39
9e432b859afcab9ca00a406872077d80,baby_products,759,41,34,13
8de5f955a41c49c4443a7366799d83dd,fashion_women,433,35,27,23
9d69dcec3c31a8cb69c6808694c4917b,musical_instruments,3258,39,9,32
97f460850ff04cc71c49b0dc03925ec1,health_nutrition,783,37,11,34
ba8253b783e6ac74f5208341634b8855,baby_products,1083,38,34,37
199d5aff5da6fe681c4d6e7b14d7427e,books,293,36,31,6
e3cae059f3a79e25b20b2338d962ee37,bags_luggage,703,55,12,26
893feb32664f121ad68a1fefaee28112,home_furnishing,1256,24,14,5
3e7a1e1e7531ed90763b50eb72fab4b2,baby_products,612,45,36,21
feec8d2164b4159d97ff0398043516ba,pet_supplies,1335,46,8,43
e4f49d4a5b641068c0df6df7fa0b95cc,footwear,895,9,29,40
a7f4e141782c68bf1b390ddc146a04b6,footwear,593,31,28,13
d3d19fa0f79e18c4cad5f8895912403b,automotive,1763,20,30,25
0177937c13d0c6919b1fe2c2384362c6,health_nutrition,390,10,17,25
ed7c9f215d684f19022db228fd16403f,home_furnishing,798,21,28,22
ad8b0047cb2ca77dbac1dbb633fd076a,books,423,23,6,34
7f9e6273f9740dea2a008ac0c0202ac0,mobiles,144,26,6,42
965115c086e0730afac9c1bba64f1e77,health_nutrition,526,15,37,16
d72f67a1272337c31bb90c0d6c3d44ab,home_kitchen,1407,35,11,8
3bd021e2f47fa389fbfe43a82152cf15,laptops,2096,25,16,8
be141bc1285246eaef72955a18d9436a,fashion_men,395,45,17,33
b1618084cc8c2725b7a33117daf29a15,fashion_women,428,41,25,44
34b9b028c94fe8c81fa52aa15501dd9c,baby_products,770,46,33,11
fff5481322407040ae3598ef24bd7488,fashion_men,304,49,14,24
f79b9d146bb14bf263b6d190bed93c7e,pet_supplies,1044,11,10,43
4401b6989a9d0064167d4eaff7d1ce4e,kitchen_appliances,8757,52,23,33
e153ba5a64bfa92e95212332c0a70ce9,automotive,1387,46,18,34
da078c336263f42bf1ddd6796453fb0d,sports_fitness,1907,26,10,37
47f605698cc8892436ad0a42cbfdb72e,mobile_accessories,155,30,28,5
afbebadd9727c16c5ddd8000192cdee8,laptops,1396,14,15,6
75c080ffc982832209b08419798f6b25,mobile_accessories,50,12,33,9
1b0440451438f56fff5718cbc0bd5de7,beauty_personal_care,253,25,24,15
cd7eaddb5e9958edb7d7f90d9cad69f3,fashion_women,395,58,31,14
f4da91a754267b20aec755fe4b459eb4,mobile_accessories,118,55,23,43
13539bc06f47baa5ff7091c80e1ecd07,furniture,15359,50,32,17
7644778ea3d41bacaa7ecfdc8f9e6db2,stationery_office,411,11,29,7
4e97823f66ee1aa85610323fc0143837,stationery_office,159,24,30,29
3aab2f9e929e15553cfb0955fd3ac38d,electronics,788,9,5,15
5076bb3155866f23fbaec46fbf05a428,stationery_office,585,20,13,28
2b8356bc0437e1b2cb409bf19be26b2a,beauty_personal_care,132,18,21,7
9c7e6dbf8299450415ea4b9ed7bb622f,kitchen_appliances,3166,59,12,11
6ee1e4b8efaa55137ad9b70a21473c48,electronics,496,25,22,30
45b19f59300ea5c24ae8113183533dc9,pet_supplies,1097,59,19,33
6eb1ac7e3d354412d92110f43b3efe91,fashion_men,275,19,3,25
f933d1d92a568a167b249d739fe1e42f,home_furnishing,1024,55,38,5
fe0ae183db33c2c8ebe364d9508ad5f8,sports_fitness,688,26,15,13
06c2304305d88845a0c545c494f4d9c6,bags_luggage,1041,22,11,16
917676546a9890571a55fa31ff03d9c8,furniture,10977,30,24,28
3086771c1ceafc9147c5ce62f20fdc8b,pet_supplies,1462,25,33,35
751f6eecede20bcf64fa8be7493738b2,books,175,49,3,31
6dd4a86df01683f86d45918f57f1d75c,sports_fitness,1611,59,24,15
a3b428db4fe97df48599537a3b4ae0d3,electronics,669,25,38,23
e4db187e0b74587e92425a876a653580,pet_supplies,975,51,21,24
dd2e8ce4017fe6e6ced3f8ca69c96296,baby_products,952,31,15,15
f445eb1c05fe79567ac73a241a90970a,fashion_women,563,24,35,32
8741e3a1ab97b44caca011147baea337,electronics,699,35,39,7
0400f21032130821b5fe497f340831ac,pet_supplies,868,17,31,19
5856c4c982794c65c5769bbd68843518,pet_supplies,1388,37,3,26
7365e7208221b553168b15a32f3df223,pet_supplies,937,12,38,44
bcc15f00bb1c3e99b8c45e68461d4a6d,mobiles,109,53,28,25
dd5aa86ba63028ef3414851d558dd69b,stationery_office,338,52,15,8
37cd28c4cc5be2c3d0fdcf15ae3dc655,footwear,619,59,12,42
e137def5a49025c11bad49ece2bb1abc,fashion_men,548,49,4,11
3330ac111f28abfd77a7c5d5e86d42a9,sports_fitness,1473,15,8,37
66bb3f000a0389eadbf407e49e2eeedd,stationery_office,131,32,6,44
d8566d4c74e831ebaaba1202e511bb92,automotive,1412,50,4,28
1119cac46e1657398c73b8f7fb58c495,home_kitchen,1031,35,6,19
f5feca295eb9f2ebb23e5a2050be17f9,musical_instruments,2895,31,18,15
d63bbcfa380038f231337e52fb4ceb70,pet_supplies,1008,37,25,39
c823ffc1f495e8cd0a407c350257127d,bags_luggage,751,57,17,5
c1046a62b2f514b11f31e0c57736796e,bags_luggage,1078,47,15,15
26cd4be4ea50754dff4d9fc1a8b02271,sports_fitness,1714,46,24,39
c72f131b6639964e003685d6726c556c,mobiles,254,51,25,23
4a2abfc98bc77cad7f18ce69fe3a6433,mobile_accessories,97,55,38,19
262bfdb88e393dad0759495081c0d812,grocery_gourmet,878,23,11,38
75acb663105f680004acd3c50ad1a83b,laptops,1731,24,14,37
d32cca649edbcd3335f718ea68a649d5,home_furnishing,1004,36,6,5
f5755aeff2ec8bc1e049891fdf7198aa,laptops,730,44,14,11
f9fdbf7486fdccb4f9d039b14c7eb9a9,automotive,1807,32,27,6
f54898a0624d92d3f408bade535ead88,fashion_men,246,10,14,28
8e025e00123e8404c2eaca08b94502dd,laptops,1663,55,31,18
0e70aa7427b26d78af1a79483652aded,footwear,1049,8,12,21
31a85d3d5de99be47cc085abda283b66,jewellery,81,40,32,20
023b66a947deddeea272d210c75dff0e,sports_fitness,2037,41,17,38
ff0deb2b05798ea92bcc3a86a13576ae,musical_instruments,3897,49,26,13
4cb77e679dcb12d712f2fc777091b078,fashion_men,495,25,12,33
eb36427b92b4953dbb9cb6f9c6504f0b,home_furnishing,886,55,21,43
88ba8906ce5da07772e26eb0b6d00974,home_kitchen,1367,28,16,5
f14d8bcae9213c5b72af573bd591eca2,beauty_personal_care,275,40,11,39
a350893e70900888d6b110a3a7f8941d,watches,79,31,30,38
1835783abc9d510c102b4336050b03e4,grocery_gourmet,921,48,27,8
5f872d031ce6febd68674f2dc4fd9376,home_furnishing,748,56,30,30
695400020de5fc7e003bd8ee52e34c1d,mobile_accessories,100,39,18,20
e7e0b04fad757543b7ac07b4c97624d3,furniture,17009,57,37,20
e8b3584565db5720969295e3b130b31a,baby_products,1288,46,7,8
2aa9aedb9c14e28e566f29c8c4d91ed7,watches,205,50,18,37
02fb14b166170e61d87bec52df0858a5,mobile_accessories,111,14,21,8
edad12841906f3e66a6b88c3445229e4,beauty_personal_care,153,34,3,17
3c39c5654e98c677d96bc6e1914aab4b,footwear,1046,46,34,25
b3514fd38c46c9923bb4cf6a054698ec,pet_supplies,1627,35,20,17
d4b7f8439c124daeb6f90f5bad2b86f4,electronics,941,53,27,15
9747f48b86f74394505c0d5108e06e05,fashion_women,516,12,39,29
4708e6fde427ab72fdc230a964033de7,baby_products,1002,55,19,38
1d429d5ab7caa4080c48d8c735d5349e,bags_luggage,1268,37,24,37
dcc5cfa4f8f8bf60bcb288e8f5565467,toys_games,805,16,38,13
1f50f408f99f4c91e6f7f3c6c5085d69,mobiles,308,57,18,12
f83f8a74d7558eebfb2e8096fed1be4d,furniture,10232,37,29,25
96aa765c034460c270ae28bf8d859217,mobiles,266,52,8,26
926915c61b3a355581313822fb5c6a28,mobile_accessories,114,34,37,22
a793e1e1536c4638564a84838bc78290,home_furnishing,715,41,23,21
2119aa7f02cf8f576ffb7706b5107b0c,watches,153,33,27,16
cd4e2a7bd7f407dd91a6cbd729a1e6ac,mobiles,245,59,33,12
36146148f1fd88f4f8510262cc24eacc,beauty_personal_care,324,11,29,36
00d3ee224b11338f6f32fd37e019db75,watches,156,16,11,13
00a118c8b30055f25a5355111d198a6c,grocery_gourmet,872,58,26,11
d60974121a7d7e8b692fd8fe4fbc6f55,bags_luggage,935,34,12,16
a57ba261f696d747693fe5d8334f76d8,laptops,1464,16,3,22
55933ecf78303c3f94ca4b378455e024,home_furnishing,1629,46,36,15
5c82723024c360badffb3d8c622e56d7,home_furnishing,1086,18,20,15
078a68a8db3e7fed8b8c680d1b9bc1aa,musical_instruments,3829,15,17,32
0c0e451e175c2f59eb314274fad4bb82,watches,155,33,18,5
51ef0136205faf2f3f5ce72564644c36,home_kitchen,1072,21,8,43
ba56cbb0b36071e5e0ab5357045e4dd9,jewellery,62,49,6,42
2e55b9d0790e6b475a464931dd1f6361,mobile_accessories,171,45,13,43
8e9bd71db66673f5a48dcfcf841b5964,health_nutrition,788,33,28,42
1dd48782f56ad353671dac00c6995b33,home_furnishing,890,48,13,18
2776740cd4135c683f53c06ace45165d,laptops,2928,47,5,35
6d11cfaf365e1cbc1d56358d0554d458,fashion_women,378,51,34,33
a0a04f59e5f85375c5d3c3bbf79a4452,laptops,1430,59,36,27
9a5c95b6fa90c25161895b8b1a5f5040,stationery_office,229,43,32,13
d5810817b755847ffd23a2b43b6dd46d,fashion_men,568,33,19,40
608c45c72720bd0effa9b80b649f38ee,grocery_gourmet,983,31,7,5
1c51059148bd4a59644d58a5e696eec1,kitchen_appliances,5078,40,9,15
9fc0f0e1887d2ce8c0544d5a4adaea02,furniture,10275,48,22,35
883a646827a1911f835f1e841fc3c730,pet_supplies,1261,35,15,11
468eafab6f75c4e2545a543393e0b08b,mobile_accessories,154,40,29,40
75e20bf5e9ef994ff8d8afca3c4a4b0b,baby_products,604,32,29,44
7f8996a2c74916093ab2651235ecd793,home_furnishing,947,37,5,24
78b159df2ee5ffb32a8bab6970abb462,mobile_accessories,150,49,19,10
93009e78937d9f49cd102404a96f7ace,fashion_men,641,9,23,23
0ff09887e53694dd6242d194db022c62,stationery_office,433,26,3,16
162fb00ff58e89bf3265379b387294de,health_nutrition,404,34,17,20
a325a83e57fa6c61b4b6d63d650e2629,laptops,1430,44,25,23
daec1de499ac505e9ae24f01bff6ec0f,home_furnishing,1141,21,22,20
633cf85617271b09d89348e3c4592cd3,pet_supplies,753,27,33,11
37e105e8e1e54edaa725940c22f5b6a5,beauty_personal_care,157,55,32,34
3c8292da6bab51dbb605a575c3bb7aef,laptops,913,28,33,29
5e00ee2a805abaaf05564744701361e9,electronics,708,14,24,44
33c070e50fbf69eb41a11510ee1b4346,watches,179,32,29,5
33830664515e2ff343ed1aaa5138ddfb,books,290,56,9,44
ea7ce3dde5379e47008165307eb6a0a0,baby_products,729,13,27,36
6ead8ac8fbf35e3879eaceab1f26cd64,furniture,11432,59,21,28
fe46ffc76a4cc29f8a844cb2de8e9509,fashion_men,308,36,23,6
4bc7ced7d9797ba5ad126d334c476d7c,furniture,14045,42,17,10
ec4f8047da96af1f0c31cb799c6a41af,laptops,1719,36,30,44
a1c404c965a945f124aee8a0d3859300,home_kitchen,1173,22,27,21
5a39ed65b7d91070f6875afb86cd4a20,pet_supplies,1056,57,37,23
7b0a4de28f68fe34d93233ab58f3d97d,jewellery,50,42,23,34
fc40def860e8924aec93c579caa02fa6,furniture,10596,54,25,41
c5a9cb2f7a0698433d030fc0953eb8c6,health_nutrition,572,47,32,38
ac3d93ac83f4f72e0e27f636094241e8,jewellery,95,19,18,9
66fb71e6801f7066f05f418d6b96320e,footwear,876,24,13,22
3ae8d6a7d14b8719893afc15e25a6f88,home_furnishing,1115,15,20,24
d34781d9567c39e94fd4f46da27ced83,furniture,12084,14,22,11
8a71548b9eda3e73f93395b8ee25d6c5,mobile_accessories,159,52,19,24
22660777e12d0f3a46c2c6d6f86d38ad,bags_luggage,1353,16,34,17
14bb5b682095e037052a5c68c3bf67d8,grocery_gourmet,993,27,18,9
761bbf54ff0d9fe1a409203ff1d3cf31,fashion_men,415,38,37,33
4415b6102621c1240b10be4238df2cb9,automotive,806,10,19,12
680081874beb20a79d651119fdcc249f,watches,168,31,34,20
d2664ba62d3367821cf265a3be240a21,laptops,2538,48,26,24
e7ffce7e5fb02fb8f06367230b478e29,home_furnishing,875,35,36,28
71faa1bf1088f78aa4a0303978cbbb58,electronics,568,44,11,14
e79972e189efe6547942dd5b66080fd5,toys_games,607,50,8,19
f6f92134f784ca747732d74f5e56537e,home_furnishing,1370,52,31,37
6db77c43d0d26ce57f6ff6226663f68e,electronics,1102,47,28,20
24904ba2235422cd3cc90d1969f4e4dc,pet_supplies,1282,46,33,10
2a88e13f4973f7b11fd9760d7723df24,health_nutrition,855,39,38,31
00eddf8739a7871e5fe35972665a296f,footwear,491,9,24,39
a4ef6379001a2d10bdeba4bb05c9fb4c,laptops,2143,26,3,21
02dc5db701505e35fe0e8235f3dae409,baby_products,715,53,4,15
9a22dcda72762d663bde7122b6b5c33f,home_kitchen,888,40,29,35
40012223733c191a24c0ae122ccaf4ba,home_kitchen,1307,14,14,39
e5a83b955fca9ee9961396f9761cea9e,fashion_men,487,27,24,11
e8f0e6897b10e8ed321272f1362f9d2a,health_nutrition,784,29,36,29
b7e327993e74a1c4420f48dfc3829a68,stationery_office,421,30,32,11
45d527a3f6d7517dbec40ea115790eaa,baby_products,229,18,19,7
44e85a95db3b96c85134bb12bf3e500f,baby_products,788,26,20,41
19627bd50ed95f639a70966236bdd5c3,home_kitchen,1288,28,29,28
3b990b8c5c7df288766c1defe6027957,home_furnishing,1057,59,15,12
ae147443543e600af79271f1638de201,footwear,352,17,11,24
0357a26a1c80d36cc1dd36ed2bb0cc7b,health_nutrition,739,44,8,42
df9dd00175c9ac3a2b95c182e839b4cc,grocery_gourmet,622,52,6,22
8b4a1c0e168034b96b99742c3bfd2c30,home_kitchen,1287,56,4,32
60fb4124556620303bcb7b9dd5b366dd,footwear,152,23,11,22
ff517b115dd54ceb395da338d8cf0bfc,watches,144,44,10,28
0c2803cfc93fb7af469fbb7dc4d6cded,stationery_office,305,58,27,42
f5338479c64c0426e9f58c542f89dc27,musical_instruments,1778,39,5,5
16f836432a26a20a58103878e3cfdc89,bags_luggage,1260,38,20,38
e2a97982fe6ba538699b0744e0aa9d91,sports_fitness,1231,52,6,32
74a574538a6df701b17e3cb8a6d46987,home_furnishing,590,31,10,16
471ce730f4b18fe336728d41cf69d5b9,furniture,13173,55,27,9
7cf7bb0bba24f45d1ac4df3f26727811,pet_supplies,1160,48,5,11
cb7c9e6e88b7c03ea2ac1b40b40fdc80,home_furnishing,1316,25,31,11
7b5afadfb7aee241e4e80f2867bcc1c6,jewellery,50,30,23,10
45b3876a654c67efda879bb5e28c1c2d,watches,125,50,35,18
5d5666c4bf856d01e457dd74b8c08515,furniture,6533,45,37,39
2cb4fdc515f887cd5f306cf002cabf0d,grocery_gourmet,1051,12,14,19
919fe8d882e50dbf13505eda55bdbb67,pet_supplies,942,33,21,37
0aeb25a70e88126d9e6c78adc4d413bb,bags_luggage,658,12,21,44
dc94094b367eed519db4e3fbbb4e7ccf,laptops,2094,27,18,8
8a28be0d09102818083118cb7af5f9b7,stationery_office,293,59,37,7
4570bc3690a557e71eeb7204357d0c2a,automotive,1664,11,21,26
d7612b8de6360b8e113ae336362a17a4,stationery_office,454,46,7,7
6379e7d63d99fc210d5debc8860c138b,fashion_men,345,11,12,28
fc7ba9e6c67f9640cab078af777eeac0,toys_games,408,15,13,30
8e1c1f5c81e86991c35fd0bb6af31a69,mobile_accessories,125,8,34,33
668b17a9fb8716be1d200e3d7cc158bb,mobile_accessories,151,29,8,7
56b2c8978bc2e1359ee88bd7f8f08e06,toys_games,559,49,6,36
485d929bc1f78f3fce5984b5f024f1e1,musical_instruments,2474,24,29,7
8e9a68aa272a97659efdcaa348f39233,kitchen_appliances,4780,12,29,33
1ef9aa15a3bf6d5ed5012d9dba481662,pet_supplies,1109,19,8,10
aef6a01ca8fa3d740406c6dee6283573,mobile_accessories,136,46,8,30
7937b875aec34f4c091dfd79d6f8aa4c,mobile_accessories,112,56,9,41
94b709f5e9a3bccc654d96b3234abca9,grocery_gourmet,1177,46,23,8
92424053a7e9ecad015621f6e4b3c530,fashion_men,313,11,33,35
d2f84fdca1aaeafdf27fe50fa9d34016,laptops,1616,26,25,28
f5b6907cef36baaeda0c7485e28e50be,jewellery,110,59,6,21
4cfe97d292a5654464fd5e857a50bc13,jewellery,74,21,6,41
5ca8461e5d80c6bc0a9095e529d3c890,mobiles,148,56,33,10
1727a8ba425d33f74c1bee1390bb49ba,musical_instruments,2474,50,35,34
