seller_id,seller_zip_code_prefix,seller_city,seller_state
dbb55542a7e907f514b7b9b272b67c15,274,Noida,UP
9c793f3e05a5fd9d5b7e034bde6c4268,626,Delhi,DL
c71885a5c380ea582ec874e72118149e,131,Pune,MH
eadb656b69bc8f47a0aeb04b458d2e09,226,Mumbai,MH
85aa0d16686b1dc703b2c4c4e35d3816,767,Kolkata,WB
c63b6f8d13cd04549cf092b260104d98,772,Faridabad,HR
4d27b0cc7328ad9f42952c33125990aa,820,Raipur,CG
34beb7d5a5c897fea1fd23b4604ec166,262,Ahmedabad,GJ
1dc25282c4d5322348d60da365a15023,774,Hyderabad,TG
1e2e9f428ca79f8290827d7ac3bf3c62,149,Patna,BR
153eb3a56418c5e9239e40ec376dcc82,408,Indore,MP
74f73b8de842b3739b97a3e5356dc3dc,435,Pune,MH
f0cae60da1c1cdcb76b8aa07e2c4c0b6,700,Pune,MH
8174b456ccb4008704246bc8ff78133c,620,Ahmedabad,GJ
970f072276034691edad86d645c9a21d,377,Chennai,TN
22f13963dd896c89dc35353a1f0cf8d9,221,Ahmedabad,GJ
80da3299dbe2d783df18882367a98711,382,Mumbai,MH
e49b612ab573040810f9e2880cff48dc,333,Jaipur,RJ
58430fc251a46a3901843532f4359486,609,Ahmedabad,GJ
8b3e0bc728a4dbc65ccf9585b970d240,169,Kolkata,WB
45d9af7be245c9bc7d1232e1635f4613,416,Hyderabad,TG
f17433c6da1ea5bfdb649e363ba56110,570,Nagpur,MH
09a9134f599ef246d89b021d385eb741,591,Ahmedabad,GJ
005712322fc533e4b6f9fb1585aed388,637,Delhi,DL
5b9a9153bdcdd3d77eb87779e5461095,323,Chennai,TN
ead15e65f45491ce2714faaa20bc248d,497,Mumbai,MH
ace47b6598882d73615fb440c12f71a8,183,Chennai,TN
17258b4b5eb75449bcf06c77ab5b32eb,441,Surat,GJ
f1fc8170f8a57be8181eda86239f9e12,841,Kolkata,WB
1aee8095cb9cb2ea2346d7e108b48e2e,741,Chennai,TN
0f619b44bde867aeb3c3de6ffcf7b6d2,573,Hyderabad,TG
94753b85e6cfc13d12e0ef54a4fad61c,422,Kolkata,WB
d0043d49dced94c1221adc384c044371,781,Mumbai,MH
2b8b0b2e5649977c3e7239f7ce5409c3,439,Siliguri,WB
eb20aac322c6f8409016b14e31f1de18,678,Jaipur,RJ
5bded0eb386e2ef5544bc856a1dc1cb3,540,Indore,MP
dbfa0836ae4af2a6444b591825b33b55,125,Bengaluru,KA
f081aa64fb96e6fed2749a77faa6f838,634,Jodhpur,RJ
26cb100cc2e2972db212063e7e0e7b51,775,Jaipur,RJ
1707e122f01f2cbd28190763e8b5ac3c,688,Kolkata,WB
3fe19686c42211503c4017af5da79587,567,Vadodara,GJ
2658aaee8ae462a6eaa8eb5d2e073326,140,Hyderabad,TG
c789021a686f96a7219a700816d58c61,127,Mangaluru,KA
401b3f0536a19d58db8431e286863a14,744,Delhi,DL
921f75f9ce8655f97ca115dd1f5970b1,463,Chandigarh,PB
0a99ad2dbdd09119eaa44feb0bb2c15d,446,Warangal,TG
4eb819739d547f14ea87500ff1d8a18a,587,Ahmedabad,GJ
6794d167a0cb3cb3468c8ad522337a0e,784,Guwahati,AS
17c869f8bc3813ec1528c6922052c75f,435,Mumbai,MH
dd23aa2aad681b3c7a4a7eb37b3e3e21,509,Nagpur,MH
380c2df79bce4725b77b30c159448cd9,526,Chennai,TN
9adab74bc18ae47a489da993b52467cc,464,Chennai,TN
7dd3180d7fca213a2b6f5d2671596551,599,Pune,MH
816949ac1c1fa16957bb007ece4c5b74,255,Kanpur,UP
33825d01b0820119f0ea263ae64a850b,387,Nagpur,MH
c0a77dd2cd03f3fe82711a7cd18fa2aa,459,Hyderabad,TG
35276a0e8561050e2efdda9a31d4c6c5,496,Kolkata,WB
b4e6e2edfcf6715cd05f236b6bd4e4cb,477,Bengaluru,KA
ecae0824863a26f314db324c7d80cd06,421,Indore,MP
d13e57caa7e3dbf62eab4e7b224d6f2a,776,Delhi,DL
45d1c226fd6e174c7463a688817d7fa0,706,Kolkata,WB
a27abfb2e91747b70638a73df047942b,770,Kozhikode,KL
d2728df3d5090723cf2e7782b2155b49,553,Hubli,KA
74c533bb127a5a530f14b6190e017751,472,Ahmedabad,GJ
97e9be193e17db2bb42c0a79aed886f8,431,Bengaluru,KA
3f1611346f734ecc20723e852aa2e2fa,756,Lucknow,UP
e4cf3d85824f891a4aa20769d0125913,606,Ahmedabad,GJ
0fadcf38cca03589851f67e64ec44d9d,746,Mumbai,MH
4ab25e5db0a799a2c10f8c3ec7b1df17,743,Hubli,KA
1fe8d8bbf30003d88410c39c06df5d7d,816,Chennai,TN
b1f33a75945a3e5e22594cf889da2281,516,Kolkata,WB
09a333df94985b0af201415a1a420f37,379,Ahmedabad,GJ
2bf2d01de40a9dff7970520d0184748d,786,Dehradun,UK
fcc6a937cc411b14736687fbb642f74a,268,Noida,UP
aa63fc59ac654d2f5cb0b1af262db9ec,350,Bengaluru,KA
f562d656e2cd63ce5405b5684ddf018c,813,Vadodara,GJ
6adae5cc9ff6a7f3e08fde9b5d5f745f,641,Guwahati,AS
8a3e0a78f0856edd3e34765a46d5b077,545,Vadodara,GJ
fc337bc6d4f13fd9ad8c5b729c8193e6,505,Delhi,DL
f47fbfdcf0d6847672dd0247e47f912d,457,Surat,GJ
5768e51eb7693f3106fb921158ecf249,777,Chandigarh,PB
8a7ccefd3dad12390e22796242976463,416,Bengaluru,KA
15b10785b3dab58186c2c094e5134d16,467,Surat,GJ
51733652c360dee85c85e1f9655f9f00,173,Coimbatore,TN
348e59a100ff662334a91d89042d2702,195,Indore,MP
5d9c93c1a51d8dfcdcdd881f7b602069,262,Delhi,DL
752db2315dbd2e3243d3f5ca1042611e,333,Hyderabad,TG
d35fbf1f3e50d35eaa30194f2d86d4f9,327,Jaipur,RJ
dabdfd640b40798c023d671ae9ffad5a,606,Bengaluru,KA
e6c7c334958c525d926abc4da5c4091e,520,Chennai,TN
39fdfa8dc0955a845e3ac98431dc976c,113,Kolkata,WB
99776186d2fd95baec0eee42187b2331,494,Mumbai,MH
53ad7cade18d2823845ff959069bda94,171,Ahmedabad,GJ
3fbb9d957f33f4bd9beec378552d5c7f,514,Siliguri,WB
a9775d0b8d9b3fca6793a83cb97151d7,147,Kolkata,WB
5d5d02a5d73da8eaa3c608e0c657d060,166,Hyderabad,TG
11dcd564262b83e712c01de20f8e84b5,725,Bengaluru,KA
9be36aec6943fa9f86bb53068226c48d,117,Ahmedabad,GJ
7984ba5e165a0c05636a4a8e88d1718f,834,Pune,MH
4b615dbbfff76bc7d8be91521aa905fd,455,Bhubaneswar,OD
3af51171579ae06e760c402ee0fb7afd,725,Indore,MP
8de7e1640077cc2bccffadd801984cf5,254,Kolkata,WB
dbddcd3613a3f3963530b7e729299ea9,457,Kolkata,WB
ba74cc6f05b4dc9262af061a41d29bfb,774,Jaipur,RJ
e5175b83b811570b66368456723b1469,167,Bengaluru,KA
678199fee4390fe09debd04d5e98c62a,431,Kolkata,WB
d96def0ac8e9d0918f4a0a72fd2e0986,201,Hyderabad,TG
6f84d245ccbcb3ce6f703c8407a012eb,372,Ahmedabad,GJ
040e5f3dcb024342b60d0b968ae371b1,833,Jaipur,RJ
208c8f4ba947358c1d62cf82b85daca9,515,Thiruvananthapuram,KL
cfcde7a2f1f54b3393db1e1d5ceccd45,358,Bengaluru,KA
2a4258204bbcc28cfd891c83a00ac100,578,Vijayawada,AP
ef8f25d391a567b7d08f6c7788885c29,319,Surat,GJ
85d134295ccc69ee10766b3caac050dc,171,Patna,BR
ed24daa9d3f0939f3914fbd5015b1ce4,531,Kanpur,UP
62cf3e459017bcfc1eabcd20838c63c6,662,Faridabad,HR
1fd2dd6252fc6aa0590ac4d5f4200473,243,Coimbatore,TN
e368e314719e45d0d04eb02179e755b4,212,Mumbai,MH
1424a77035effe78f5c12043ca450280,555,Kolkata,WB
a360e92f0c8c9b3a44572479fa09e1c9,398,Mangaluru,KA
c27882834449dae0abfd3d468b443804,807,Pune,MH
df63dd4e1268a51c671ae9852aa0c1fd,375,Faridabad,HR
88381e7d7974982dee93719550218dbc,402,Guwahati,AS
4c40dfde3c82187ba275a26cd4457785,534,Chennai,TN
463ec0364da1be1b18468fc553fd4923,838,Bhubaneswar,OD
cf1f64b093f1f193561eaf78f857ac60,623,Chennai,TN
de1fdbfbb67926cc8681e929768ed3f8,606,Mumbai,MH
9d76352159fff3cf87b2376db21cea67,706,Visakhapatnam,AP
9eb218811f30707b83e34520b0b41c28,717,Faridabad,HR
98c555bc2bd918b241549b6424158672,502,Pune,MH
303f1a62eb7f7ddb7159c011de69eba6,323,Delhi,DL
72dcdb4ecbb8a82b06533928c82d3669,225,Nagpur,MH
4b3d27257a874cad8dcdf7537ecba0db,532,Ludhiana,PB
499c56255174ce593873f061cbf963ab,628,Bhopal,MP
8890cb4b6194702cc2f8df67a6409be7,382,Chennai,TN
a7d07bd006543e938787e8fef0fbc2c4,466,Chennai,TN
bcc1fcc3750e9865c9afe27e9d4ec7f0,441,Jaipur,RJ
163d14eda0eb58b87996e51802185627,548,Bengaluru,KA
c123f774a4f5d88ca7c09d9f87899145,719,Thiruvananthapuram,KL
d10cbbc75c0d57d597d16035152e67c8,440,Delhi,DL
686b9926a5839a7e3375b8e032104b4d,496,Ahmedabad,GJ
9c575daf67b149da922ca57d4857b9d9,420,Bhubaneswar,OD
c02c44a3ab2357813231461e1c269eb7,334,Surat,GJ
ba67924f029216497a6b69eb043a4e59,632,Nashik,MH
a906185ca0a7adf1c4401e4a8aa37cbc,569,Bengaluru,KA
eb832285c27d76128686e89477042e75,500,Pune,MH
7825cbb956894f657aba853daa1c223b,329,Vadodara,GJ
b30f2d877f81b4feec386073f332c322,756,Raipur,CG
1df37ed207cd73502170a96c2a9f45d9,709,Indore,MP
3a80621cadc0dc21e336953372a34a60,663,Bengaluru,KA
728d8fdb92715aa2d58687c6eacc3e56,717,Delhi,DL
114f9c698479a868cdd6111db03bd48c,464,Chandigarh,PB
35b00f55cf49e3f32a9cfbb050c1f3de,577,Jaipur,RJ
45e3f131c599a91c592ccb6ffe21c691,269,Bengaluru,KA
79c6518f8f743ea7b9a516d597206553,693,Ahmedabad,GJ
aee9a54a7b6aa243f7a0f55c560a0599,123,Delhi,DL
524d8ecdd9013c6a7fc30b6b2755b2e7,488,Delhi,DL
754cd9572eb4de2990e94058d678840a,263,Madurai,TN
162caa5df8404de6ee5963cf8d7068e5,553,Surat,GJ
4ff4d64c5073b16abc8f34d9d3e0fec0,319,Bengaluru,KA
e99e642f97c980d84bca571abb7c4041,828,Dehradun,UK
2d176a885da589a747c44fcc76dbb5bc,197,Siliguri,WB
8c79c448829c845bf880d4b8f1b62cf2,722,Dehradun,UK
639d25de305097f7621ee4acb3329a7c,608,Agra,UP
e0ec44c499ba74137aa7adef3d8741eb,851,Srinagar,JK
dcd93181dea6e185323f9987c92c8a23,352,Bengaluru,KA
1794ad34f8b96abbbebd6208924ce9af,635,Guwahati,AS
2a591d4e04c1cd23862ba498f9ec5c46,132,Chennai,TN
57877d72bb3a40dd6927abb2d8bc36f8,614,Mumbai,MH
0a3ca4658399be677206eaaf293e7422,435,Mumbai,MH
2c8966db145e1b5a5d764c780b35f381,651,Bengaluru,KA
8ad313111d95e84c768ebf236a2c7e9c,694,Gurugram,HR
8dd9d8b4d4460702c4140d02379904d1,472,Amritsar,PB
d4c1ae55ff623bd84f4488a845ca93c8,363,Delhi,DL
6b8c6662fbe4ad4ddca5f8b8941fe3a1,641,Thiruvananthapuram,KL
0d93f791b5bc7e5d646d1f9d4e80a763,782,Nashik,MH
4138e4e34c9887b58ccda2658547f2d7,377,Mumbai,MH
3ede30122fdebbd4047a326a318e283b,745,Patna,BR
327d8fd4409274a88999fd12a2aa5e44,440,Mumbai,MH
d5407c73347de1a0a1b276cef822015e,772,Hyderabad,TG
3f7a05cfe6bb3acab039d160bcebfdef,593,Surat,GJ
665fb6f1c7333c4a4f89778e9c9d6ade,607,Vijayawada,AP
c38ff28904ad70bdd11fa1cc42e5e690,622,Delhi,DL
0eb4115c0d6e6486d97211d5feffbd51,710,Chennai,TN
885028d86a7d0a349c834a7676cc5815,751,Lucknow,UP
46a3a1da6e0e63b64f03461e62e8f138,399,Ludhiana,PB
efa71c879fbbd17e6e89cf1cf9e8cae3,665,Madurai,TN
cf1c0076d1a0cdab1649aac0b0f8522b,626,Pune,MH
734b5d55962a05bc4b5111c66c5aff36,550,Chandigarh,PB
6891d3512425a8c754140b58a7f2e413,276,Nagpur,MH
6723747f040d4724630c0d98be1927ef,456,Bengaluru,KA
0377d519d1bac047480afd9067119026,262,Lucknow,UP
5e89f388393304371bcbc7a23708715c,211,Hyderabad,TG
a415f0ec9afe6dd6f1cc58fe03a20b27,812,Visakhapatnam,AP
da13bdf2233d080400f91838df1470dd,649,Hyderabad,TG
5042c1dc7e6eb64c871278d77fd7b013,518,Hyderabad,TG
ffe50d5628b81b07e3166884dcb24ae6,439,Howrah,WB
4539099d5b87ec85e09bb232f8ab499c,163,Vijayawada,AP
c88e0053e5d9b59d47396921cd7eae85,371,Pune,MH
5e18627fa64eeec4e723bde89240f5e7,256,Mysuru,KA
d9d17557f2a41da401883aa77fca08d8,510,Udaipur,RJ
83a79ecea52e760254d107cd629ded7a,453,Mumbai,MH
c1ba52f39ddca29a68e80d6324e98333,827,Kanpur,UP
a95004f3c7370929867315175cdee022,740,Bengaluru,KA
f149348d1bf8e9489fe4b1945811cbd2,557,Noida,UP
f2ca824a35fd13070809ef5bedb4389a,777,Delhi,DL
bc8376ba21887211c995e2e08cb6db97,355,Gurugram,HR
8cce4a7b66b190402f1973f560984728,194,Bengaluru,KA
8e1ee8720fd140774a90078cfcc8293b,527,Pune,MH
794c89f1a41cd660572555b6ed9b0fa2,156,Noida,UP
ddf1f0339bc4acef4466c3753a8b299e,812,Mumbai,MH
34c955a50339cf81618a56a3bf8e978e,200,Jodhpur,RJ
7d6892bdf415db78440dfacfc45b1490,747,Bengaluru,KA
773da0ff7325f791eda80a97ad7e007e,610,Ahmedabad,GJ
b654b76573bfd2c9d2e16ea291e20764,293,Ludhiana,PB
70f895ce5cc2c91bcb9fef0f19119fa4,506,Delhi,DL
26f444759bf8cccbde9700aa993eafc7,515,Kanpur,UP
33bff443edb28b4083055840842aa3a5,659,Ahmedabad,GJ
1ad39fac8e70a3fffa2e8937d3c6c41a,428,Lucknow,UP
62fe41f5ad4ad3857231e25d1fdf2d4e,552,Coimbatore,TN
9e9230e2369b8dca0903cb2cbb5a2153,419,Kolkata,WB
bbedc8de9a1fccbbd0a2abd06a881329,181,Hyderabad,TG
4d5c509499c72411f0aa51734a73a61a,639,Bengaluru,KA
01ccb544fc7ba242370748309cc479d9,301,Mangaluru,KA
28e6035f0dd48226a47403fd42478c08,317,Kolkata,WB
533cf425b4687cda94cb82739848f85f,357,Hyderabad,TG
97cd1f4e1645b79670a8dc5b32d27315,532,Mumbai,MH
5370bef664bb47e82bb5182de32e2381,637,Agra,UP
4b621d745908ee163b3d1266387441a2,716,Surat,GJ
6b9ba61af7b6955da7955b4075e2785a,554,Bengaluru,KA
412d42a177038168abdc97c4ca5e1482,406,Raipur,CG
eb8e23b17f258c9e15f925d192507b25,815,Mangaluru,KA
621eaefd4c261ec1ad71b232bedff206,463,Dehradun,UK
394a8d060efefcb20e24466c6895ec2e,218,Jaipur,RJ
426959519b0f6372c349910ac9cfc18f,707,Chennai,TN
d541480925afbaa5ea7d9f0faf4b81ca,809,Delhi,DL
a34fc8405e742584fea6c662550350e1,326,Chennai,TN
1c5f5bcb863a7ef4a57425b7fe34def9,274,Kanpur,UP
c6a2ac39d7c7ce5127b73dcf2c913c08,372,Bengaluru,KA
6177cf2d06753eb7b9bd5f66175e7c40,365,Pune,MH
2d27b04d761a87c485f1eb7a3bb74701,253,Lucknow,UP
a97b3e84757af5c6ae5b9a2a29f6f411,135,Patna,BR
3468b1a018e31ce193c91c12a566bca6,249,Mumbai,MH
27a95dc7b4f765297be2a642679e0082,330,Guwahati,AS
93835d9c81e05481d4cc072f25ac08e1,250,Pune,MH
8059c16b4138478827362689390eec8c,258,Lucknow,UP
5dd73b4ac6f9a9515f778a23c9417fba,812,Howrah,WB
d2814b50cd57e00c29e5eb0bfec5cbf7,271,Delhi,DL
7ddf886d4742339bd2d5b5883b857dd8,722,Dehradun,UK
c06a4ee3c3fff3c7999e65fbabd6d837,536,Noida,UP
a32a097389e3004acd6739d57bbe2b47,434,Siliguri,WB
cbd358cb368dbb397cf666b113801204,691,Kolkata,WB
ec23e7c91c17b3d3027f2a903cb3b089,122,Delhi,DL
4055947596d65797e397c2900846e07d,664,Mumbai,MH
79d84785cd4ad61fea1346775c70a46f,419,Gurugram,HR
36c132e5d18b2b4b2df3d0f7ebf25de4,727,Delhi,DL
1bf574c81a6082b381321f512ceaa329,826,Hyderabad,TG
4fbb31caafdab0b3323ae3d455d4618c,654,Hubli,KA
08bef2e504cee814e547131ce619ce11,195,Pune,MH
5f145052f573be25cf11650a63c27ccf,837,Bengaluru,KA
a8b9f1275e8a77d4031685a423bbb19b,676,Agra,UP
32f1f21d1d1600041acfbc232fe22e51,123,Hyderabad,TG
a5ced8f4ebf3a1666ac6b53b6379cd48,251,Surat,GJ
d1c5b95580c7c494792863ced313ed0f,845,Delhi,DL
a31c52c608c01c05214d5b528b707e96,733,Pune,MH
4affd81a0243b843844e77a32b61c0af,415,Delhi,DL
73793615fe5210c7dfb27868143e6e9c,822,Mysuru,KA
8d6c6d36b5ae5cfd1fbcd8c25cda96a4,465,Chennai,TN
563b972f3df7d2c572e39e6044b619a4,756,Hyderabad,TG
65476aa6846d31ce341e0cd6797cfe63,540,Siliguri,WB
7310c1141b10326fbb497366e4d8ce55,601,Chandigarh,PB
3a00187dce0e949376a5939fc799e85f,116,Jaipur,RJ
63c8cd9d7785e4fc455496a6e9735e9a,832,Howrah,WB
21681e49c37df055bcd3380d442b1782,245,Bengaluru,KA
cebc0f132e3fd6c7f610fef446b35dce,268,Lucknow,UP
0e291a28a91519a358be396ea2bb9800,442,Jodhpur,RJ
d5906db78c6d5dde41503476e8c8e8e8,672,Jaipur,RJ
384f360e5d6524dfdeae62ae3842ceab,683,Hyderabad,TG
ac1ac8805bfdef063e05c573bf5566f3,576,Noida,UP
c1c363766bd55b1151b67e7e74994426,758,Delhi,DL
eb43df6b6520bea0a4b325118a233976,626,Delhi,DL
db1171812ad337c1db25671156be15a2,220,Patna,BR
ad072c9f24981201fe869a1e36858fa4,693,Mumbai,MH
c1db31dc324db4db662fcbc43f4426da,305,Mumbai,MH
af0b4e9bd9e44b2898bc0b883cb0ec58,497,Chennai,TN
e5364f41a67a991e05421205742561c0,562,Kolkata,WB
d32a962b08cea7a0f32b734dc7d7037c,402,Pune,MH
d760bc65ee00bd4c7d5e0c7beb437fc9,378,Ludhiana,PB
23dc07816f619bca63b727e9c2fabd7d,309,Jaipur,RJ
bc507acd3d09da1fc8c2df90e6c42177,331,Vadodara,GJ
9eb871017aa264e57746d3bdc79e8695,844,Mumbai,MH
89f015b2fd3106c1d9ae13c7235c6f4b,395,Hyderabad,TG
9fa5f66a2090d957e2d738e906a1fb1d,462,Warangal,TG
990540e8cf12c257d6cf51c75bca6b2b,632,Kolkata,WB
c49debd71895fa89f8a81ffcc96fd064,295,Bengaluru,KA
047d98fe95d2f3d507b918025978fa61,257,Hubli,KA
9771e16790ce5b36b05fd0e0956a9015,266,Kolkata,WB
bde639424b84a8402cbb206bf06686b2,156,Pune,MH
07eec40186aa50a00cc6a667f2c6b49e,446,Bengaluru,KA
b10acd0f9513b1db29efcf93f11db840,112,Bhopal,MP
de681eca0ddd85784be8ea637c220e2b,392,Bengaluru,KA
2ace917d65f002383fbad0bb3883f45e,502,Kanpur,UP
40f04f1e363003b54e1555d8a0fa6dd5,302,Nashik,MH
de4c227c9693a54ec327af3889e1d365,296,Bhopal,MP
f8b4f619aaba3de30b76c13fa6d0bdc7,557,Mumbai,MH
d0b699620bccb9b07fee24e9b98c3a68,528,Mumbai,MH
b2b1fef615a54f57ee8a284109b032b9,697,Chandigarh,PB
43aefe23673ee41787913a5e849b208b,766,Vijayawada,AP
dca7d67784ee900f2f405a8c870d939f,294,Delhi,DL
ad2fe2485b6983919478d45a38934e0f,328,Chennai,TN
f8627dbe9a477c6b4f19cffbe2654431,500,Bhopal,MP
b473ef01c9bc51cc80c3bedc5fe6cce9,246,Chandigarh,PB
b36b53fd43ba8e50311cc7ad4a728107,652,Vijayawada,AP
c314df6a72b0cce52f9064a2119d32d8,111,Visakhapatnam,AP
d36b33f25f47fecb32a8f4af9ca43b5b,383,Delhi,DL
82e9138858a667143a3abf935c2591f9,841,Mysuru,KA
85c3dd251528507eaa6444e694df4a5b,656,Bhubaneswar,OD
e069d396be45f7c68ff6c2c93e11b3ab,495,Chennai,TN
c05c0d10ddb3b70ab2eb2ec1df8c59f5,112,Ahmedabad,GJ
adc089443f315a8e3f2b451221673030,707,Delhi,DL
e07f0c7c6e9616048a97b896f2705f8d,442,Hyderabad,TG
cc4eba178d05139876df977450008119,749,Guwahati,AS
4eacfb37bb67808b68bd97cf436f856e,693,Mumbai,MH
cf2cd0a198510870f6a087dc18bfaaf9,851,Nashik,MH
9afb2e6c902abf4bb37a6993cf5858e2,197,Delhi,DL
091f7599ea683258dfe6b5c6dad2f32d,750,Hyderabad,TG
46addc4562e7fa269b96b0e9d1a7cdf0,640,Lucknow,UP
cb0761f50d76f605f87c34e65fe91a38,329,Mumbai,MH
f979d4f3704d295778b25c4efe0924a8,739,Kochi,KL
90cb46caa6793460028b09d3eed23905,530,Hyderabad,TG
c83a09e6767857841b446b89e9576ce2,601,Agra,UP
de1e130ebb51f6e2061aff339e2fd9fd,827,Kozhikode,KL
de3412b86d09a757f40bf810dbb8591f,536,Kolkata,WB
fd4e361ffd46cd11f1bcac9d9bb8f9dd,581,Mumbai,MH
a22fb8cc5df08abfdb0202fb5caba8a0,754,Thiruvananthapuram,KL
6dd85118b0af2b7f6bcc0fc211471475,682,Hyderabad,TG
a05ea24e9aa1737e0592f6c715ec245d,587,Delhi,DL
e91b645a45718479b3e05c6b2c27d835,785,Dehradun,UK
13d4a4475e0a261ecaf063c09e701736,788,Bengaluru,KA
bdbd80fa761891f85fdb18ac47a19dfd,567,Kanpur,UP
66ea17dd3b0e63c0b3920d5bba2952d6,183,Bengaluru,KA
b71a40573653831a1861d690f8ab7e1f,625,Vadodara,GJ
c43c9b17ee36b8171ecd56e95e972d10,357,Bhopal,MP
f724016566c751bf52db50cd856e700e,548,Ahmedabad,GJ
4616d1e48752f4f2b74f4ff8c6f86ea7,390,Jaipur,RJ
5c762683098cbe2b8a07a01fe52849d1,362,Bengaluru,KA
6f4bb0d92998ddd2170b449ee7035b90,836,Mumbai,MH
197d893102ba4a1777336c3346659966,295,Noida,UP
65d8264dfaf06c8cbc7422c8b06569be,229,Raipur,CG
7eb5fad3a2bd6a4c349d8eef143a87df,581,Gurugram,HR
8b805159195d304024f54de3b0ef89ff,590,Vadodara,GJ
a2070b77ac43741d8aec3f9b592f3cd5,840,Pune,MH
6b2a04782cf7d821e0124fbc165762c2,152,Lucknow,UP
cc3ffcdff7c5bfdc49bf527ac66d1b50,792,Visakhapatnam,AP
9e055f2a2f05f1191b80b0d3ee0bfaff,735,Mumbai,MH
67beada438e196f804e5b64eef06bfc1,266,Kolkata,WB
753ca1654808f162a2aed8a3a2146822,719,Bengaluru,KA
b66989690b58056b43af376e045f68b8,737,Chennai,TN
2649324739530127ee80679c86074d04,195,Agra,UP
e6b7f5fcceda6ee784070a62fe8832b3,125,Chennai,TN
8debda84b5819fb1465b23380ac47af2,602,Ludhiana,PB
f189a5e1f1f14c85bfaba3e0c37d6d51,549,Kozhikode,KL
8c9f1fc97c1ed0e86bca30b2a9255efc,753,Jodhpur,RJ
a5e5d03680dc3c05b451d0864cfaa654,803,Faridabad,HR
e77fa3a31e9dc65cc43865def36c791c,187,Thiruvananthapuram,KL
77dab7f65206b93874b4a95362da4206,824,Kolkata,WB
c1f0bead4a5448b20f48f2edcb225e1b,745,Patna,BR
19757f7b9f8f3be3abbbb5075a6a7f95,559,Coimbatore,TN
d53ad63a403d2d5b2b2578c1ae3813cf,378,Udaipur,RJ
adcb79011f5692a68294eb643f1ac6c0,579,Lucknow,UP
e4fa69d7bcf3b5e0551c2f1ab622c3ce,530,Kolkata,WB
ba06e5f669e375c714a780602505d7ba,400,Chandigarh,PB
5dbe54119014a360e8f0fed2d867dea6,168,Agra,UP
573be2435ba4d190c2847500be63a4f6,649,Delhi,DL
f0b3f68ca54f3d80c4f858557b0dc938,337,Kanpur,UP
c8b9235479af2d75c48a006d7b82266a,293,Lucknow,UP
4d6b0f8232b0f07731e75a4f0769be94,389,Indore,MP
82a6073f579ab1f22af3c7aa62e1f447,135,Howrah,WB
fe3052b177d318f8d070ccc30eba92c7,401,Kanpur,UP
7ba7d637e6e7d32ecb66bf8fa1f4ca47,732,Guwahati,AS
24d1cc1e218ac9e8c0586058f8d124cd,654,Chennai,TN
bfa94bbb184bb3240e880b307149a695,154,Mumbai,MH
2ae2b19fb607e946c4ca4427885137a1,355,Chennai,TN
ef38733cd5de6f2cd2ffdf60fff6165a,605,Surat,GJ
28c8fa661b9a7663db3dd790fc47a789,803,Chandigarh,PB
772d8f0998e0433d36c72b81bf954dba,435,Indore,MP
5ee5be07731a2ccfb97f2218485dd6a3,846,Pune,MH
7ba202387b5930e7948e6cb198e45dca,142,Pune,MH
49b3bfcf8387440bdcd6ced8664ab015,788,Siliguri,WB
61abf38a29b4f3a8e7b363e6dbd4ccb8,229,Delhi,DL
07e342b6429ec8f7a1f02804ca66da00,653,Bengaluru,KA
ff71b530a671a93cabf6f47f67a1edd4,185,Nagpur,MH
19818c64548b3be48b3710a44a07e576,847,Visakhapatnam,AP
41290acbec65d77b2a7aee0a14cc86da,269,Kolkata,WB
5d6cfc21e681c075cebbe427e5e694c9,384,Mumbai,MH
d93f20a365fadff26950d1ddd75a0843,583,Ahmedabad,GJ
8baaa54094123f4642bc5e27574448f0,147,Delhi,DL
70312c15e0e09e6c30af1e4890b10604,535,Mumbai,MH
359eaed4c92aa3803886afe03afee39d,327,Chennai,TN
6af8f27e5d22a73eb80e5797279137ba,432,Delhi,DL
7c9223071421a23bb16a965c8d56a11e,358,Pune,MH
02859015cd6dd63f7b7c4357d650ae88,738,Nashik,MH
4e7e48d012ef14dbe76bad6190508287,450,Mumbai,MH
b6649e03791d57d9efef163cea846e10,671,Ahmedabad,GJ
e1c4379ac2d2615fc0ed3e699cdb676f,140,Ahmedabad,GJ
cc4ccba0b5e53dcd8e2e5f927e59539c,618,Mumbai,MH
8fa805cf2529f8c8f6e1282ca4a7ab56,395,Ludhiana,PB
bed7617e93c51cef15165c9b3fcb4bd0,556,Mumbai,MH
b92480cbc9425dea9efbaa84679a4643,740,Mangaluru,KA
6e3247695a85ae0188c10baf892c909d,628,Indore,MP
b0a2452af6a6197e8ef951b7338a69c7,373,Hyderabad,TG
35c8a1c6335cf518aaf2a85f8e306f98,278,Jodhpur,RJ
b857f21a0f01eb32409a62f165c0bc83,771,Kolkata,WB
397e0a9442bf8728249f4da207488fe9,303,Bengaluru,KA
bc2ebaf50e40eb2e429bd0389a393893,136,Kolkata,WB
523403e37da26f01779fa639c15a0c28,332,Kanpur,UP
dc4221caa65dd47f9429e9b683767c0a,117,Patna,BR
b6afd921dfcdf38a85567e6bcd83302f,662,Coimbatore,TN
d2b0c7429e79feb9305d8403dd5948de,772,Madurai,TN
6becd228f61130c2b76935a190593a10,432,Rajkot,GJ
c5dfb2c3618b107f2685114d7116761c,567,Bengaluru,KA
c7718b1d26ffb76816f7674bce8decd6,824,Vijayawada,AP
293dfb8a977b890a07f47fe008446c40,799,Delhi,DL
b8cb439be0179ad36ff8fbaa55deea67,139,Rajkot,GJ
6812e901a843403cd468c79106900cf3,161,Bengaluru,KA
3b152f0923f1dd27f6e2b35b6035e2c9,395,Hyderabad,TG
8a8b34f3707e962d08cb9a94fd948af6,317,Kolkata,WB
69fe9fff43f63bc9876755c7a104c446,225,Bengaluru,KA
74ef3a4f2024cefb29f26c9f1f3a4d1d,222,Faridabad,HR
2d99b111938a0edc253d3621e7cd0db3,718,Delhi,DL
f01a5d5279af832c73883b1dedfede8b,254,Pune,MH
ab7cc2cd23810d03e7a12eb4e87eb892,467,Vijayawada,AP
a16557cbd64a0b9578e042208e2c9568,143,Indore,MP
3b42affcb4e90cd30c46f659e16f45ee,571,Kanpur,UP
9f9de201239ea4885c4f20c6743888ac,662,Siliguri,WB
5c00ce2d84cf562508ca58be2d5a83ff,555,Mumbai,MH
138c9fc34564a0dbc91d10e99c7bf3f2,322,Hyderabad,TG
05523bcaab372fc7dfe92acad084aa52,168,Delhi,DL
66a95a8a911dc038bf10e7870c04d482,408,Bengaluru,KA
26868711bd3a251520d064f3f1f9438d,693,Bengaluru,KA
49156308cf13b35ed79f2be4bee159ba,199,Nagpur,MH
7b99d5d2705d2da0b8954cb33cf11b3f,722,Hyderabad,TG
3f8086d7bed8c2bbd2bd473db018a54f,790,Coimbatore,TN
d61261c4dbbda33ff21b48ab9a53266b,562,Ludhiana,PB
a09c7f49d914692852b7bbb8a6b03d53,738,Kolkata,WB
cba1628e437085423b64b8257f179005,319,Surat,GJ
c92e7ff0793a064d6a287d93ee648277,572,Delhi,DL
469ab15efebb69d4dccc2de996b5332e,649,Agra,UP
330df107b5c4cf53f290621a060b8507,642,Kolkata,WB
0cc915ceb24a3a1349900412a3582a5b,631,Chandigarh,PB
755a65914a4efb7f2ca9e8bef3188ebf,254,Surat,GJ
40e03e0410c55fc3bc8aef0a7582fae9,789,Visakhapatnam,AP
42a84f4e715365e82c6ccdff15e2fb19,618,Chennai,TN
288b8661fe78af1c03c8edf7f9b62d7f,197,Chennai,TN
978268d653bfe796be8b05d9e8550f99,586,Pune,MH
4232690c05997c7c874aa2a791e02ffb,787,Indore,MP
8c9935d59eeb4a8295784fce1c8a70ef,127,Ahmedabad,GJ
a5033de0051cfafc4405fc5b5e6bab71,770,Noida,UP
4a2eab035a5f3e22f5250ad1855d6f53,356,Mumbai,MH
a0bf5a705e44c95b781a3bed267669e3,331,Amritsar,PB
25934abd6fca31f630c7f48bce736e2b,473,Jodhpur,RJ
e8437aa2ab8b2305bc3b776ba155a6d4,643,Bengaluru,KA
0799222e9e6e038f7511fdc607d34cc0,186,Delhi,DL
27e78697dd65e854aed9f43d7ac09428,306,Jaipur,RJ
9df195bc54c8c043c9925da64d24690c,711,Mumbai,MH
3fadb04ad0d4c662e27fdbc5c5ee6619,285,Bengaluru,KA
9579687824bbb976de3a4f526ff999cc,370,Ahmedabad,GJ
a5e7f7fa0480310c09f5afeec6f28ee5,587,Nagpur,MH
b89aa6d7f6e9861fe9084d63ee5beea7,296,Bengaluru,KA
dbeb443427c0933db22a2a90ca8f4cd8,147,Mangaluru,KA
a686ab291a6ea60233c2f6fef307e06b,503,Bengaluru,KA
06ca801340373ff635d8f94584aae61c,181,Delhi,DL
2c7122ab8596b9c2a8c76620a1a103ba,397,Delhi,DL
0dfcbb604470b551f509b4aad0f3790f,601,Jodhpur,RJ
f154052b0ebd45d57d6f51fcf320a6e7,660,Dehradun,UK
d87385c81c83b920249b104f243e0bd9,819,Mumbai,MH
097e8eb642204ed51852296977c5b793,759,Patna,BR
e8e9a1bc5f8995c87170cab9b6491b0a,135,Mumbai,MH
0228d8337b74057f88baf2b2d9c68cf7,472,Mumbai,MH
03f20d4d4e8574c6125906aab474a444,127,Mumbai,MH
1a2d562c9ebd9f9fc93904542eaa6936,706,Chandigarh,PB
f89af737a438dd38d900601761f87830,165,Kolkata,WB
6c64c9f942a2a23045d0a868f589d17f,689,Jaipur,RJ
688dbdb306f34e4f63fca9d3285928c7,111,Mumbai,MH
d8c52a82d581e4e4f79b2b59acc2d27c,192,Amritsar,PB
d9792999bc03fa30d1f0f71433de7cff,801,Udaipur,RJ
fa18680c054e0a0c09cafc19d578b58c,248,Bengaluru,KA
c6b5ae44aded3a38586641dcef530af0,463,Bhopal,MP
078b3ee06cca30533a84d615525042f5,497,Kochi,KL
6fe9b48bc08009f928c5d62a8fcc66f1,625,Warangal,TG
ebfa454f2703f0cac50e301c444ec0bd,806,Ahmedabad,GJ
3b7132798ed0e8f358c7d225ff6e4239,420,Bengaluru,KA
cb96dea256c255cf6a8b67e36c8a0d1d,559,Chennai,TN
6125c701cd08a45c54f6f7180574de66,852,Indore,MP
cee80c7a63b6cdfe7aad8c08d8862b52,190,Pune,MH
228dab56fe04038e8f220552c8722ca2,467,Mumbai,MH
430d60d925da86adaa5919a9412bc21e,336,Noida,UP
97b617e329e7228fe03c392a981e7da2,809,Bhubaneswar,OD
8ca2a37c45d941e70103cea5c82d11f5,568,Pune,MH
05f78cf928be2a3cd2d0c14a6090e435,593,Surat,GJ
3d610b3b8bff09af4b37fbf2f2cb4e7d,249,Ahmedabad,GJ
9f48f6ce01665abef3e9c442167535d9,816,Surat,GJ
a56b9d7ab73abc02e8ab2fb76c7bf4e0,160,Delhi,DL
2b7dcb3e3589f343c30b7bbba3652af8,478,Pune,MH
ef9d8f42a3a6256e4a44ddad79ff39da,631,Pune,MH
daae9c08c4f82e33c53bdde42db07086,764,Siliguri,WB
aa5d19c245a5331001784617eca91ebc,313,Mumbai,MH
b3753c6077742df1e069526e57e9d6d7,358,Hyderabad,TG
ca9a218b7c9e2bae3a6e5ca726ba721e,138,Ahmedabad,GJ
fc0763cbeac9e4fbfccb0f6354ec0d58,602,Thiruvananthapuram,KL
d1e6e398e966fda173f21962e405e245,256,Pune,MH
1bb9a6f84662cbd34f7d65926327e060,569,Hyderabad,TG
ba05265ada700364183ccc97639a2501,173,Surat,GJ
7add31a8142c4993c7e90325a5f12f40,472,Hyderabad,TG
a5a3f5467655feebf5db4bef03837cc8,466,Jaipur,RJ
f96b7faef0fdbaf379e501bcf058c663,483,Kochi,KL
f140c55b242467a90a4f9e68474ba973,339,Surat,GJ
5bffeaf8e956cae8c9883d9bc6c70253,236,Kanpur,UP
8e9e397199421a54ae78466b8179ae5d,688,Mumbai,MH
d92cf7713b1d6f7f0d3a86a4e99141e3,784,Bhopal,MP
9f215387ed961c35e5e36d2f611dbca6,316,Warangal,TG
5a7880ffb837534ecfaa981678492915,448,Ahmedabad,GJ
93d3294625dd22f427d0d8c7d4d128c9,191,Noida,UP
5bf934557881b7f317fb5968b5127866,222,Jaipur,RJ
f60517f01575c9c1a800f049536db1a6,372,Visakhapatnam,AP
cb42b1595ae9779e77b81d237e284f0a,634,Hyderabad,TG
1943bbf6f0d65c123b1dba660fbefc31,611,Warangal,TG
c6dad4036452e9bf91d777481f2860cc,651,Bengaluru,KA
3d93b88c3a44b0a58d872dab136a2b31,176,Delhi,DL
10f8b374cbec11c7eefdf53b59450c1d,143,Mumbai,MH
6a0b226aaab7dee496d767526b8e8062,314,Surat,GJ
6f075420506b22ba3ded68562c07642b,357,Nagpur,MH
cfcc1f1ad8d1745054bc1534da38ca7e,492,Bhopal,MP
0b01296dd71e117fe660e85d3d15e218,545,Delhi,DL
6500f8c6e7a05e8ce647342f80ed3a13,250,Bhopal,MP
1ad990f0914a76ec0f385130d5f3f86b,722,Delhi,DL
f80e1695797b6770b6be18d608d9b593,666,Nashik,MH
20a0f1439ed51bc88fbdf3df0109cd11,341,Hyderabad,TG
cf0af2d9825ef6b34e29f7eaa88c18e9,591,Kolkata,WB
25aaac0c71326f7048474d12ca5b6503,333,Chennai,TN
c10cd0ea248b533f480b8a0fca63e8f0,155,Chennai,TN
308864687587361e1dd33b41fb2d7c03,658,Patna,BR
4ae253adf48594efa4d020640e41efdc,174,Siliguri,WB
f767cf57d540dc757d51c5361d916101,273,Surat,GJ
62f3c6294efc719521966919814e17d1,335,Kolkata,WB
e030d3ea57ef3b49539d41451b64382c,777,Hyderabad,TG
d17bf268c7b697e76f4ee96395d196c4,546,Nagpur,MH
cf055b529973b5726a22557e5c0cafe7,698,Pune,MH
2d1da97f381cb09b617ab1da43caaff1,786,Mysuru,KA
896b1ce57ac2681a48b3ae1c8ee3b86f,775,Kanpur,UP
9cd5ec592f26e1ad45bda36ea1f66b68,563,Kolkata,WB
9b6a201794428a597b7248929e4c07b2,373,Rajkot,GJ
0c07392b34550e9babb1a992687c5448,410,Mumbai,MH
8a8cc1e3101caa71a29791438c7af7b4,233,Kochi,KL
76144b30bfe67ca0301ba2ae4488f973,548,Kolkata,WB
cc1b313471ac8f422630c1388aae551d,545,Delhi,DL
2bd379ffe3b715d79c3c9885001200d2,834,Delhi,DL
e28c4aa8cd67019d3b989bb7a67a4392,251,Bhopal,MP
2bef6f8f3082e622bfa4419c83ff5c72,673,Delhi,DL
5915fb3e7498de7bd1f458d5694a1f76,308,Bhubaneswar,OD
1ef5f679eeb6f93dd07251ce7d1fb21f,168,Hyderabad,TG
88a95fd6f6cb6eee761a692d589a6c8e,408,Chennai,TN
9ccbff951659d1dc0cbf7b53ff3607ac,828,Bhopal,MP
b43b6e191bc1ffd1bbb909c24a9e4b37,454,Bengaluru,KA
6f100420940e251b64ed4cd4689a269d,248,Mumbai,MH
ada9045f11f9a18c4155f38ec6ceb118,350,Pune,MH
5a8c877052da7d9cd4b07b9beef0902e,627,Surat,GJ
769098edced5b01b2767b2dc57f037fc,322,Pune,MH
f9cc3fc0596d438e554d5831d4a06b54,282,Pune,MH
2f81808ca92f1a19c72d2db59552aeea,293,Coimbatore,TN
52210ebe60de4cf18e056b794dd3c741,171,Thiruvananthapuram,KL
9e514b04c4cd5d6f6dc6831d219b42a5,624,Chennai,TN
f7d35fcd75c5741c1bd83a840c087689,348,Gurugram,HR
7489aa4fedebf83721b7aeb658e4aa39,337,Mumbai,MH
1c612c08e13f629ab92648113311614f,354,Pune,MH
56ee601643eee38c95afb43712b22643,627,Chennai,TN
1dff4666c536d97c997a17b8f4baa6ee,761,Pune,MH
c2ce689af7f5167cebf778954d8f5880,663,Mumbai,MH
975b6e01e3c42a7e20c771be9bac47db,532,Delhi,DL
534c8c17e47386aea63d381c330fd707,642,Hyderabad,TG
29bdc40bb73d321e73f58115e173f093,279,Hyderabad,TG
445ea8ebda369bc28ff725bbd12cf41d,791,Kolkata,WB
831730f0e07db6801064050878917aa4,566,Pune,MH
cfef64b4a9fa9a66b23324b78aaf89b1,821,Bengaluru,KA
6870b5946a5cb6576581a6ffa2277e9f,309,Nagpur,MH
686046768f9705c44472233e656ab0f4,219,Chennai,TN
71de62bc1da28ea37d103244111c015a,642,Mumbai,MH
774518f3f439a3b8a7ed741c185ff2cd,348,Bengaluru,KA
749b611e849a256aff70c16a3631d15c,264,Jaipur,RJ
da68d27e7b24082794c849a9944b49ad,696,Kanpur,UP
4a0807dac4f2e271551ed987914d0622,507,Noida,UP
cb1aef589ca9bb8fc1c19e6a17b268fd,692,Bengaluru,KA
13ccfe46edf0230dfefe12de1b03f983,291,Jaipur,RJ
c78c2f12474492ef9a5b1a35005f89f5,162,Pune,MH
77ad2458e1187b57f1513436be60ee2b,415,Thiruvananthapuram,KL
7018e6ccd8c0b46b31dc6e8e9f1d8b51,826,Patna,BR
4175716c15bf8a7be640754fc8d79098,546,Delhi,DL
b9b423772f65abc4979c0ec7832358a2,747,Srinagar,JK
7ed1781aa0ac5de43ab010b2c98157bc,738,Chennai,TN
ec103da60614c684bb9a529024658a1e,779,Rajkot,GJ
f4ab36eb98bdc2cdce6fd8e8b394d3b6,451,Hyderabad,TG
3d1bd6435c2f0f561100e5dd328d613b,262,Pune,MH
8c05639db2e677a8b0b8e12ec4d08f15,780,Jaipur,RJ
60d99c083a4789c96140724a8d1d153a,483,Mumbai,MH
423fb6e8eafded97f24a3f06e63cb64d,348,Vadodara,GJ
94caa77966682c7a6b2da0c86d0df6cc,438,Delhi,DL
917e1d08b7aa7a493532b699a8a17808,692,Delhi,DL
21b81c92aeffcf13cd38b092c0cb1013,378,Hyderabad,TG
734c1abddd5282751be686f31be65115,729,Srinagar,JK
d1c6a6deabb0a469cf9bd57c28a5a6b2,279,Kozhikode,KL
3a7f449f7a123fe1703fd9d4aac0af38,346,Ahmedabad,GJ
66455346c84e6de0657660cf95b763fa,214,Surat,GJ
55eb78ea85622ea0f37d61f6c77cbabc,759,Bengaluru,KA
501731e3f757a87b30fe20f7aa3c2913,758,Kolkata,WB
1ddb5ce834aabef56b7002ca0afefcf1,264,Udaipur,RJ
c55faf6b3c62a152138a4722db151c32,505,Gurugram,HR
200cd5dd8f9ac3101ecc3f33c20d717f,699,Visakhapatnam,AP
9055125c2aa8bdecdf1c9f0738227b0a,557,Hyderabad,TG
9652a34523668e9cfd951d5b3364e7d5,590,Nashik,MH
681a9218e52e3461bff929a68e82aa9c,304,Warangal,TG
84b585847cbe9d7179551318ea06be10,131,Hubli,KA
ade1fb0d9e5a24810ab68be2147fcc16,806,Kanpur,UP
b08eb110bd285aaf0b661e80748d624f,790,Delhi,DL
8afe9504cfd570cd82bdc7a800ff4796,807,Srinagar,JK
d1cef23bad2c5eefffab1310fbaedcbc,142,Surat,GJ
b3dc46ba1b0090b9fa96189ac21afb4d,610,Mumbai,MH
6c92aa7464752171da60c4ddaf96ddbe,296,Mumbai,MH
db63f1793a8ad5b873782ef8d0e939b1,348,Lucknow,UP
ca9e395be2140902a076d9e0502e6f04,417,Chandigarh,PB
cd055482f0814511849224e1d9da1508,283,Howrah,WB
b2e8fbae976fd9c5aabd87bb5849018c,553,Howrah,WB
9f0f4197bfd54081b431d3c1dcd7e915,553,Lucknow,UP
be59dee314b64dc65c64faf7a1a5c417,801,Udaipur,RJ
58328935a4c8c8386be69869b608a4d1,730,Delhi,DL
a27868c98abc4cb15f8269658680b517,633,Delhi,DL
3fe7c5b1dfb7ea1264de3e3419301068,830,Mumbai,MH
5feeccc64e03789a054a8e1ad4b62b3f,429,Mysuru,KA
252f67d9c1f3cd9586e553a866d6015c,160,Madurai,TN
b859a8d08e88b096a4d1c414f024bbb9,764,Chandigarh,PB
e023d5491079d9d7acf16aa30c032332,358,Howrah,WB
1bbb80077074ca1589780f3faa294e1e,442,Jaipur,RJ
659d8ea83056562ae9cb4772c5e60853,401,Nashik,MH
178a64a8d0a854070239f866f44021d5,788,Chennai,TN
32b3093f35ad5bd9216ffe2be15691b6,384,Mysuru,KA
56383348356c425bcdb1a685c17dedb4,619,Agra,UP
f341d386526b199384140c4ae6798fa9,607,Pune,MH
25632212308c7f168378d8286370eddf,524,Mumbai,MH
873ff49c6318435934cd0da0d7f2eb44,517,Hyderabad,TG
1dc18cbbd1670c641e1c699e3aed4e3f,163,Dehradun,UK
9f990e093ae181febc8a3ca74d536ea5,774,Lucknow,UP
cb6b6d9a05377be596cac404237576f3,358,Kolkata,WB
33cd8a75112fcc9406b419f072c7eecc,275,Howrah,WB
78b79d59b20bc1e7c4ae4f15c4fa6626,273,Chennai,TN
8fe52d3aa892e744539c5fac0335d066,407,Chennai,TN
a3d0acd92698729fb89bf89a921eafc4,574,Mysuru,KA
0ac40f69e5325258fa9aaa1bdb74bad7,513,Chennai,TN
9282a13b813584a7e64362caf0d63c5f,732,Pune,MH
7ac3de29aa4243ae773744534eef1eda,718,Patna,BR
63dc0b7238e9005631cb20ba2d401163,359,Kolkata,WB
bcf804cc16071cb16b1c68e27ed3086e,723,Hyderabad,TG
72f23b168fa57b2d76634a01049faada,617,Mumbai,MH
2074463ea66a98336dde289b2e52103f,750,Bhubaneswar,OD
8071a8fa252729dedca76b737e3957a4,110,Surat,GJ
1ca8066376de7d6ea564017b0c42be61,496,Thiruvananthapuram,KL
fa7ac06f4494e82e6322dba6c5f46211,575,Nagpur,MH
7718cde884e0cfe8d82441359b74730b,289,Bengaluru,KA
82debd7a5d32ca0fe35642670bbb89c0,598,Chennai,TN
deaf404f8e66cce475bcb303fbb9afb5,651,Kolkata,WB
1de3ea8083b9f83d06231a6e3f544945,213,Ludhiana,PB
949db89e9bdc1cf651764d806f9b38b3,821,Jaipur,RJ
bb3c819ca5ffead38f4f0790fe264572,814,Indore,MP
17998d1ee239cac60c4bdfe55bd713fb,322,Agra,UP
57acdcba7102525be74812b42eca0d52,258,Hyderabad,TG
6b3918e6929efe0afeb5f2e53282adbc,257,Dehradun,UK
55b2a2e3338b9c3d7292158287530041,137,Pune,MH
2590f6b54d39cba13b920bb11bdc23bd,126,Coimbatore,TN
6c5d820b145c50684583ab40937ccdf1,342,Bengaluru,KA
50878987aaf06529d4ae6a64b4680087,606,Bengaluru,KA
2c8228538750099e9da0eec4adb30c9e,617,Ludhiana,PB
87202c94556a27a8c1e3a249ab2c46a2,516,Chennai,TN
ee6c220d3605adcab1df516112af67d0,594,Guwahati,AS
9cccf54065373afa05f83585c71290f0,210,Coimbatore,TN
7185db4a35f819857af3c5b6d8fab8b4,851,Coimbatore,TN
f5aeb74098900567675bf03a4bd990a6,258,Chennai,TN
873f436ac2e0e701a2cfe94afa8d1a5e,383,Vijayawada,AP
6839878f12fa1eea6fc7c6fb0c07cdac,603,Howrah,WB
f97889e77d726c0477173cdcb4ccce85,204,Bengaluru,KA
f593635f0edcaa5d26f96c593de80bcf,434,Ahmedabad,GJ
87fd7875f571661d5637ade6e3dfa39a,805,Vijayawada,AP
72701464533b4ab6d2a7d45926bb6f98,283,Delhi,DL
7c9206027060414676bb975729860ecb,571,Hyderabad,TG
be5926c1350029cb41a58e7a81e2655c,561,Rajkot,GJ
e0a04087d59344446a1a56870f07f5a9,167,Ahmedabad,GJ
a9f721f8226a295e7c90fe1cf9cf6858,149,Rajkot,GJ
b9bb92d325cd57730ddca56a5a6c4575,219,Chennai,TN
ac7db940902162d41889dfabfef2ebf3,122,Surat,GJ
a60520193381a5b61941b014dc879616,506,Pune,MH
027770d8d5137956d3a5db5074858a30,304,Pune,MH
378cc51bf9bccba90c0afa85d2c01f99,555,Madurai,TN
fb2a7f27141d82fb897a0302373b9c72,325,Visakhapatnam,AP
6b749a85bd55ff1ad56b2a94c14f3099,370,Howrah,WB
c731d587cb0af05d15f912eeeb5a902d,187,Chennai,TN
abba80bea01cf95ef1722163dc9af93c,702,Siliguri,WB
4df5b3ac1b857c3213196d5f73d9cf7b,195,Vadodara,GJ
458879025ddd5ccfdab1d65489ebbae2,790,Delhi,DL
c6cb07a6510da4423e7c82a9fedcca72,235,Kolkata,WB
ff288c7ccabcc7d771221da47af519fd,847,Bengaluru,KA
dca093ed172695d9b6093c77e923797e,649,Bengaluru,KA
43aed7e1a63ac1de7447de5e7786e5b4,723,Jodhpur,RJ
aba86e99f7580f1dbf86941f994c8a15,710,Srinagar,JK
53049541d901afefaf7731510d41a8ec,441,Mumbai,MH
1767bf703a735775675386419c596da9,245,Delhi,DL
9deadb96cad8064e12fceac81ddd8eb3,614,Hyderabad,TG
e6ee0eb6e7223972c26eb6a591283659,599,Thiruvananthapuram,KL
8b2fd7ff8472cb7018ae2b468f319f74,711,Kanpur,UP
2366fef090b158f14d8f0b5bb1138ee2,284,Jaipur,RJ
97f0414eff6cc631cd02bf38a2ac4947,720,Kanpur,UP
74fff14a02d4a34c801921625e48f602,765,Rajkot,GJ
71c99c604f47ca87223193669aad917b,654,Hyderabad,TG
0919a039fbf6e51f368c75e6333580fd,310,Delhi,DL
2df95e684497e3c2f369f92318c6de2e,293,Kanpur,UP
18061185e19890b4b60890b354c33357,206,Warangal,TG
1e146ae09e4c02a25450125174177278,727,Vadodara,GJ
6ce0514c89308c237be179010a3ec875,437,Raipur,CG
f6049801412131f6e49baae0b67b85bf,338,Amritsar,PB
1fb20fc083b167a0377f82bb8d60f1d7,224,Bengaluru,KA
e7443c83821127d4c268c33cfe5461e3,478,Kochi,KL
f770dfb4693cde1b3530972e61ac2321,257,Bhubaneswar,OD
b715113ef75684cca26d9bd3dfbecefe,732,Delhi,DL
d234fc2056d702904aa956d2ca23daf6,362,Bhopal,MP
6a732119f335aea9a5607714f176d715,442,Hyderabad,TG
ea3ab3d519ea1eed2333742fe1a0d6d6,602,Faridabad,HR
87c35ee9dc552d89abfde02b88aa70be,630,Bengaluru,KA
e85f688c696fff5920867eddcec6a39d,197,Chennai,TN
f546a9434b0eca6990d8254fdf33f286,166,Kochi,KL
c0fe60455823f5a28f05b7727b63ca0d,321,Jaipur,RJ
b3907201ebfd9418f0df1f29a3fb1815,666,Delhi,DL
0f8f59a9234c4d980a1c60052852b469,749,Bengaluru,KA
2331334b78f403802993cc95d0711280,834,Dehradun,UK
8a6b176689485c0a767ae3caa283cacb,313,Hubli,KA
be110fdcef4960b3021bd0532b481ab0,678,Visakhapatnam,AP
86b2c7e613abc40883bfd5815bffd6a6,235,Mumbai,MH
5e8a2ffc34001e80e9f02ae1ab8fb4c2,250,Ludhiana,PB
d75b39caf591cc180e211381664b28bf,507,Indore,MP
cf1ced1f5c3231f6c44d2caf413fdad9,182,Kolkata,WB
2552ffa19f5ce8e4347772e614b06713,134,Bengaluru,KA
daadf0efbdb696870dda217d6145253f,851,Delhi,DL
e5f280670e23808b7d25658892bce2b4,708,Mumbai,MH
e5fbdfad6edf2fbfa2b21694be3bd9fd,613,Indore,MP
a9c2e6e07f0227f552e45fb90277453f,275,Chennai,TN
fea9f3f688c365ea3d77f84b33c34ee2,166,Ahmedabad,GJ
8bf5a8854d1d33b9316b9657a7d9f541,208,Surat,GJ
1467f06622283130d3932924b0f6836f,424,Kanpur,UP
8b32a1f245b0ff092e7bc1537fc0ae48,712,Lucknow,UP
f7ee2a356556c912061a002d38204686,552,Ahmedabad,GJ
f1094c6d590ad69dc17d37db34827e1c,737,Delhi,DL
c9e28d544f0cbadf077d5e3cffdbc718,787,Mumbai,MH
6e0e503d3e086e655492814115554080,657,Lucknow,UP
cd68403486f10595feb39bdd6de4b051,184,Kolkata,WB
b052d88a17ac8cb69b58fc10415b6357,284,Kolkata,WB
02c262a23650b04012d47069465f0374,361,Kolkata,WB
0507c1ef84e9091dda8959a2602456f7,502,Delhi,DL
73d6c6e73432d38c8c70606309b5e024,700,Bengaluru,KA
1782ff426f1ecbcb10bede062bca6ab8,831,Coimbatore,TN
66a9f9edcead356e9aaa20cf00e0d3fb,842,Ahmedabad,GJ
91b200c3854e28801b6a759056e27636,465,Kanpur,UP
2053c12170b88fcae37cfb841a0fc2ed,848,Delhi,DL
3a822fbedae12a4387376ff61076b801,817,Noida,UP
69a87b1862c7f99bbdfdb29aff7897bb,234,Chennai,TN
fcd3a6a57561c74224710326ca29b2f6,613,Nagpur,MH
40b698566b46ea2a1b46b511ba9a18cd,436,Pune,MH
44233dd87fdc55e0b7834ada6d12bf2b,739,Pune,MH
d4adac03d71158807286fe8179132e07,756,Gurugram,HR
60a35ee083d852a4f82086ae1311e68b,253,Delhi,DL
f0d04ffe68d33cc7add807948abb5380,559,Mumbai,MH
f493b1d5b328985adc436ddce8ebfc22,800,Delhi,DL
815837091c29130d50f7d35d24896187,607,Siliguri,WB
246473e569fc3beb9f79030879e418c4,745,Jodhpur,RJ
8a7088337f8ea3648b68badbc575d5fb,648,Visakhapatnam,AP
932435cb05a11a2f60abb809799c64ff,694,Pune,MH
ba17443cab2dea3a5af68d85d05f102b,741,Mumbai,MH
64b475aa69aabbdbd2399a58bec80678,811,Faridabad,HR
83015ae69bc750e4e164eb17cb907fbf,257,Bengaluru,KA
3b071d05a1751f28eb1698a0f66d361f,697,Hyderabad,TG
71c31b2f2c4b5f725f57696a0c67c18f,395,Chandigarh,PB
a877a1ebc9c2576caa61664e35e54436,539,Bengaluru,KA
d82581e0a212b037f3350b01b7658982,599,Thiruvananthapuram,KL
58d24fbb731fa9036cd9faa25ae85e70,593,Gurugram,HR
a4a3cac6267081087666a9e51dc585df,256,Chandigarh,PB
35febeaf30a2bf9e2ae13fb4e41a0229,721,Coimbatore,TN
f64897e569cac0c49d0d59c1ad1a1c7e,642,Chennai,TN
fbd01124daabbd8259a7828bbc8e9141,668,Bhopal,MP
e6c197ecac38cd645db43bf41ab2cee0,569,Faridabad,HR
17fb241388edae25611b8364b644ab9f,550,Agra,UP
d8b6111dbdb6863798f833dbfeb2de71,316,Bhubaneswar,OD
7605548e76147488a62512f89e9c2d1f,555,Udaipur,RJ
00dd7485f8401914d916e60b8d4eeb7b,319,Kochi,KL
10994ce79ebeca68c51690b7505ac6eb,765,Jodhpur,RJ
8d7b9301ede0afb2a00f05e6f28195e5,147,Hyderabad,TG
0e2360bcb25da5ed876c1a9a7f7ae104,117,Kozhikode,KL
daec64fb71943ee1693fad3031ae5ef5,652,Vijayawada,AP
7bfbd0a6d368e0732b058ed1c915d0a2,644,Mumbai,MH
d87df8c94af8915839f3ca63769f4119,526,Lucknow,UP
7f31a5e343113a430fe23123a38a9e14,531,Ahmedabad,GJ
9506d562d9529e7cc653a0d5ca7951a7,135,Noida,UP
243260cefc7f5601d5ef7d070fce963a,734,Delhi,DL
0c9cbc62767ee212561523ded0e83af7,741,Surat,GJ
176f227c0ab398cdb458d0306ce5ee07,263,Ahmedabad,GJ
35020fe62e8261d0dd09f6c1c176c7d3,121,Kolkata,WB
a7a8d3b55e3124ce6f3f9af7f015e0e0,501,Hubli,KA
972ae1e39fc3ea77896889d1e0324a3d,298,Surat,GJ
93cc6250dfadd5dec8d9085d5e6aabd5,205,Kolkata,WB
c17ed57e665a5346e3e15f69bb04aa94,193,Bhubaneswar,OD
f5aa39103a86938e8a02e71a5caace7c,601,Delhi,DL
445ac3527606ce9b1083d0d64d097f15,377,Hyderabad,TG
23dcc7153d896374da2bffc0a3afa547,679,Hyderabad,TG
176e52c8a97e9b000e5b804bfca3e884,344,Mangaluru,KA
cfd94aa0c7395d5da547cde1e99b656e,574,Dehradun,UK
e9c4bfa29b79811cb54de6ede1587081,312,Kanpur,UP
33cc597895f82645adeb909b95252600,523,Hyderabad,TG
99a1af7308cdaec7882217c7ae08baa0,630,Pune,MH
a803df5fcf802587dc95412b11203f9f,365,Jaipur,RJ
62de5c370bd0db528fdaeebb58557f1f,771,Surat,GJ
66277e54b3915f5b61dd40f263f1f3c9,586,Bengaluru,KA
9c6c5a5f9752b79bdcef6b3d81e28eca,260,Delhi,DL
a2ee4258cfebfbe6002810e4b88be93f,780,Vijayawada,AP
ba9dc46847f317eaad7c9a181217a0a9,481,Indore,MP
5dae2884e9288f8fef288792cf56d280,647,Delhi,DL
4b92c357310cfe775f6c6ffa8cf9ea12,367,Hubli,KA
7d25182947eafc0def1126a08dcbba54,127,Kolkata,WB
2da67f0b04301c343ddc9542962c2c16,529,Patna,BR
7ea559c452854106bcfafde122a177fa,488,Delhi,DL
c56cc9ea6cca4b3626b4773aefa214fc,649,Mangaluru,KA
1ceb769f3d76648b00ff64dd78ef1b31,658,Mumbai,MH
3d99f8671f743225f93189cc8aed6733,622,Rajkot,GJ
ebc1b821638c205d35be7c9014537a34,485,Patna,BR
afb267e61737f9d3c6a77eeb0bd0f55d,114,Bengaluru,KA
4da97963cee1e586a2e1dfe8b4aa5080,550,Bengaluru,KA
3bf17163c96dd7a86d61f221bdb355ff,817,Chandigarh,PB
e27850b0b7568d71db371c1780329952,789,Mumbai,MH
e4f5b192b7135df96cc9b37cbb3264ff,170,Delhi,DL
b7ae96843f35ebc7157718191a1834cc,761,Coimbatore,TN
f8fbfb3d7065466897e0c952ec7ff589,217,Mumbai,MH
05c44d9d1749105ae291ae0e19196d9e,170,Surat,GJ
23e08b6b61ab63d34d86fab13dcac25f,129,Lucknow,UP
06e5480dca6d02894be187cb3a6e64c6,490,Mumbai,MH
f4deb555fd0778351e99d2125c05419c,241,Chennai,TN
1ea33543ed1298c61d64d798d48f590d,573,Mumbai,MH
8eaeecb0e435f34064af3ddf69487706,457,Warangal,TG
9da2d55d9946a401b32212a2191e457a,744,Bengaluru,KA
624673885e675fb349435ce5a9de0e62,266,Kochi,KL
27b5fe917397ff9e68bba0e12f450531,307,Coimbatore,TN
68be078698ec1fd6a1390b48eebdd25c,495,Mysuru,KA
ff74f272bb8c0bb51e5ba8ab6ae24321,214,Chennai,TN
e817bb34a2876fd157ae75ac01969f84,451,Bengaluru,KA
3a979d6b707d63f89bc7e9e16462c667,554,Surat,GJ
8079ff5955e67cdf1e878f58f1597f69,569,Visakhapatnam,AP
e4b7baeaf0d49e1b4e6b15b4eace08b0,458,Nashik,MH
a3c91161b2dcd62e57b76bdc8f1ec3cc,185,Mumbai,MH
44cfb7db90a9b955129080f6cc0aa5c1,301,Agra,UP
39186f3dd4ab3f7b51ae025101297989,163,Delhi,DL
78623530bad210bc8333a375511841aa,812,Surat,GJ
386448a483020aaa63908ec2cda0b0a8,543,Jaipur,RJ
965cfe83de40d495897590a16233a3ce,346,Delhi,DL
baaecc79d61dce4cb1b3a340edf97a2e,334,Srinagar,JK
11c54a9afc7233bc44ef2d511437328a,151,Indore,MP
d266415fca7b8ee67c07f9e73dd60ff7,462,Bengaluru,KA
35776edc847efcdd97a5a68eb5d22c8c,153,Mumbai,MH
7630374df0550ec16aefec5195da9655,632,Mysuru,KA
d4fc16f20268c703768d3e1e7cdeccc7,259,Chandigarh,PB
ecee65af2c3f10c8319084773dcf0e02,184,Mumbai,MH
b52e294cd7b414dddd6883aa2ff5a5e1,196,Bengaluru,KA
cd4d6702aed1155281cbdfaff43f6a04,131,Indore,MP
eb7a17732ce042e08be36229b7780d12,404,Kolkata,WB
a18a11a36cbf713b29c7142f8228e68a,153,Chennai,TN
502d2e9ba86808d1166c9f1a413125c8,169,Kolkata,WB
bfc190ab089361ae80ec143d780e24d4,273,Ahmedabad,GJ
87488a1fb06e78af5bf473227f943fa3,528,Bengaluru,KA
9c589a731542ee2a2f55c6312fb59e70,274,Kolkata,WB
e43bba5d10ca8d73d187e66e334fbc04,414,Mumbai,MH
c381ea6d5918d067e6672564607e223a,429,Mumbai,MH
776b3f316277f416fd9dfe9f77b0db8b,555,Kozhikode,KL
4b7bd5cf10cdac3ce9da6a6862a1bc30,144,Mumbai,MH
9d16b9f060676bc9be001526eb4462cf,846,Mumbai,MH
a2946cec46eb2da9c76c9dfd4a228e30,178,Raipur,CG
067ceb493b33f8a1cc74d3894f4c9cb6,848,Kozhikode,KL
6fe128f73232ba3b3cb355dffb950822,322,Thiruvananthapuram,KL
d0299c75c4a6fb6efbe268ceaf609f6c,420,Delhi,DL
acf093d4cddd3e27d3864efef83a1431,159,Indore,MP
6d717997c4e9e67fe0092d175f2c0587,383,Visakhapatnam,AP
bcb59adf0c1ab189c687ecb3748d66fb,779,Mysuru,KA
46948d4dc3bf230a77f36ab03d554ac9,617,Delhi,DL
2b068224e016105a661cc05b3d8abec0,574,Kolkata,WB
e13d3be0d0cd45bc9c83ee4b782fae9e,383,Hyderabad,TG
9464e244f05193a17c6210f7c676e1a9,799,Bhopal,MP
d6d9fdc84fd562bf863dfc7980d9b121,689,Chennai,TN
47cbc4f94def5f5c7cc5f2e2b0e08dd7,297,Ahmedabad,GJ
99530eaf0a23428c5c421e4612380e23,558,Nagpur,MH
360170df4b9c2ef6d1bf47acfad9e2fc,405,Bhubaneswar,OD
46706a3754d03e836057b22c15687f88,258,Madurai,TN
